TIME_UTC_SECONDS,TIME_UTC_STR,AIR_TEMP,TRACK_TEMP,HUMIDITY,PRESSURE,WIND_SPEED,WIND_DIRECTION,RAIN,LOCATION,EVENT
1618042506,10/04/21 8:15,15,18.4,60,1018.05,2.12187,165,-1,Location 2,Free Practice 2
1618042567,10/04/21 8:16,15.0556,18.4,60,1018.12,1.06093,177,-1,Location 2,Free Practice 2
1618042632,10/04/21 8:17,15.0556,18.5,60,1018.12,2.12187,157,-1,Location 2,Free Practice 2
1618042697,10/04/21 8:18,15.0556,18.5,60,1018.08,2.12187,163,-1,Location 2,Free Practice 2
1618042762,10/04/21 8:19,15.1111,18.5,60,1018.15,3.1828,149,-1,Location 2,Free Practice 2
1618042822,10/04/21 8:20,15.0556,18.5,60,1018.25,2.12187,130,-1,Location 2,Free Practice 2
1618042887,10/04/21 8:21,15.1111,18.6,60,1018.25,6.3656,173,-1,Location 2,Free Practice 2
1618042953,10/04/21 8:22,15.0556,18.6,60,1018.25,3.1828,175,-1,Location 2,Free Practice 2
1618043017,10/04/21 8:23,15.0556,18.7,60,1018.25,4.24374,161,-1,Location 2,Free Practice 2
1618043078,10/04/21 8:24,15.0556,18.7,60,1018.25,4.24374,143,-1,Location 2,Free Practice 2
1618043143,10/04/21 8:25,15.0556,18.7,60,1018.22,3.1828,148,-1,Location 2,Free Practice 2
1618043208,10/04/21 8:26,15.0556,18.8,60,1018.22,2.12187,76,-1,Location 2,Free Practice 2
1618043268,10/04/21 8:27,15.0556,18.8,60,1018.15,4.24374,142,-1,Location 2,Free Practice 2
1618043333,10/04/21 8:28,15.0556,18.9,60,1018.25,1.06093,140,-1,Location 2,Free Practice 2
1618043398,10/04/21 8:29,15.0556,19,60,1018.22,6.3656,160,-1,Location 2,Free Practice 2
1618043463,10/04/21 8:31,15,19,60,1018.29,4.24374,131,-1,Location 2,Free Practice 2
1618043528,10/04/21 8:32,14.9444,19.1,60,1018.25,7.42654,141,-1,Location 2,Free Practice 2
1618043593,10/04/21 8:33,14.8889,19.2,60,1018.29,2.12187,147,-1,Location 2,Free Practice 2
1618043654,10/04/21 8:34,14.8889,19.3,61,1018.35,2.12187,165,-1,Location 2,Free Practice 2
1618043719,10/04/21 8:35,14.8889,19.5,61,1018.35,6.3656,146,-1,Location 2,Free Practice 2
1618043784,10/04/21 8:36,14.8889,19.5,60,1018.29,5.30467,166,-1,Location 2,Free Practice 2
1618043848,10/04/21 8:37,14.8333,19.5,61,1018.39,3.1828,80,-1,Location 2,Free Practice 2
1618043909,10/04/21 8:38,14.8333,19.6,61,1018.29,1.06093,163,-1,Location 2,Free Practice 2
1618043974,10/04/21 8:39,14.8333,19.7,61,1018.29,2.12187,155,-1,Location 2,Free Practice 2
1618044039,10/04/21 8:40,14.8333,19.7,61,1018.29,1.06093,155,-1,Location 2,Free Practice 2
1618044104,10/04/21 8:41,14.8889,19.9,61,1018.29,2.12187,152,-1,Location 2,Free Practice 2
1618044164,10/04/21 8:42,14.9444,20,61,1018.22,4.24374,159,-1,Location 2,Free Practice 2
1618044229,10/04/21 8:43,15,20,61,1018.25,7.42654,102,-1,Location 2,Free Practice 2
1618044295,10/04/21 8:44,15.0556,20.1,61,1018.25,3.1828,148,-1,Location 2,Free Practice 2
1618044360,10/04/21 8:46,15.0556,20.1,61,1018.19,3.1828,151,-1,Location 2,Free Practice 2
1618044425,10/04/21 8:47,15.0556,20.2,61,1018.15,4.24374,155,-1,Location 2,Free Practice 2
1618044490,10/04/21 8:48,15.0556,20.4,61,1018.15,2.12187,171,-1,Location 2,Free Practice 2
1618045251,10/04/21 9:00,15.3333,21,60,1018.15,6.3656,149,-1,Location 2,Free Practice 2
1618045316,10/04/21 9:01,15.3333,20.9,60,1018.08,4.24374,149,-1,Location 2,Free Practice 2
1618045381,10/04/21 9:03,15.2778,20.8,61,1018.19,6.3656,169,-1,Location 2,Free Practice 2
1618045441,10/04/21 9:04,15.2222,20.7,61,1018.08,4.24374,159,-1,Location 2,Free Practice 2
1618045506,10/04/21 9:05,15.1667,20.6,61,1018.05,2.12187,104,-1,Location 2,Free Practice 2
1618048832,10/04/21 10:00,15.1667,20,62,1018.08,2.12187,141,-1,Location 2,Qualifying Group 1
1618048896,10/04/21 10:01,15.1111,19.9,62,1018.19,3.1828,105,-1,Location 2,Qualifying Group 1
1618048957,10/04/21 10:02,15.1111,19.9,63,1018.08,1.06093,181,-1,Location 2,Qualifying Group 1
1618049022,10/04/21 10:03,15.1111,19.9,63,1017.98,4.24374,163,-1,Location 2,Qualifying Group 1
1618034429,10/04/21 6:00,9.77778,11.2,68,1017.58,0,84,-1,Location 2,Free Practice 1
1618034495,10/04/21 6:01,9.83333,11.2,68,1017.64,0,84,-1,Location 2,Free Practice 1
1618034560,10/04/21 6:02,9.83333,11.2,68,1017.61,1.06093,84,-1,Location 2,Free Practice 1
1618034624,10/04/21 6:03,9.94445,11.2,67,1017.64,0,84,-1,Location 2,Free Practice 1
1618034685,10/04/21 6:04,9.94445,11.2,67,1017.61,0,84,-1,Location 2,Free Practice 1
1618034750,10/04/21 6:05,10,11.2,67,1017.64,0,84,-1,Location 2,Free Practice 1
1618034815,10/04/21 6:06,10.0556,11.3,67,1017.64,0,84,-1,Location 2,Free Practice 1
1618034880,10/04/21 6:08,10.1111,11.3,67,1017.61,0,84,-1,Location 2,Free Practice 1
1618034940,10/04/21 6:09,10.1667,11.4,67,1017.64,0,84,-1,Location 2,Free Practice 1
1618035005,10/04/21 6:10,10.2222,11.4,67,1017.61,0,84,-1,Location 2,Free Practice 1
1618035070,10/04/21 6:11,10.2778,11.5,67,1017.64,0,84,-1,Location 2,Free Practice 1
1618035135,10/04/21 6:12,10.3333,11.5,66,1017.68,0,84,-1,Location 2,Free Practice 1
1618035196,10/04/21 6:13,10.3889,11.6,66,1017.61,2.12187,83,-1,Location 2,Free Practice 1
1618035261,10/04/21 6:14,10.4444,11.6,66,1017.61,1.06093,83,-1,Location 2,Free Practice 1
1618035326,10/04/21 6:15,10.5,11.8,65,1017.68,2.12187,83,-1,Location 2,Free Practice 1
1618035401,10/04/21 6:16,10.5,11.8,65,1017.61,1.06093,71,-1,Location 2,Free Practice 1
1618035466,10/04/21 6:17,10.5556,11.9,65,1017.58,0,71,-1,Location 2,Free Practice 1
1618035526,10/04/21 6:18,10.5556,11.9,65,1017.71,1.06093,71,-1,Location 2,Free Practice 1
1618035591,10/04/21 6:19,10.5556,12,65,1017.71,0,71,-1,Location 2,Free Practice 1
1618035656,10/04/21 6:20,10.5556,12,65,1017.75,0,71,-1,Location 2,Free Practice 1
1618035721,10/04/21 6:22,10.6111,12.1,65,1017.71,0,71,-1,Location 2,Free Practice 1
1618035781,10/04/21 6:23,10.6111,12.1,65,1017.71,0,71,-1,Location 2,Free Practice 1
1618035847,10/04/21 6:24,10.6667,12.2,65,1017.64,0,71,-1,Location 2,Free Practice 1
1618035912,10/04/21 6:25,10.6667,12.2,65,1017.61,0,71,-1,Location 2,Free Practice 1
1618035976,10/04/21 6:26,10.7222,12.3,65,1017.64,0,71,-1,Location 2,Free Practice 1
1618036037,10/04/21 6:27,10.7222,12.3,65,1017.54,0,71,-1,Location 2,Free Practice 1
1618036102,10/04/21 6:28,10.7778,12.3,65,1017.64,0,71,-1,Location 2,Free Practice 1
1618036167,10/04/21 6:29,10.7778,12.4,65,1017.71,0,71,-1,Location 2,Free Practice 1
1618036232,10/04/21 6:30,10.8333,12.4,65,1017.68,0,71,-1,Location 2,Free Practice 1
1618036292,10/04/21 6:31,10.8333,12.5,65,1017.58,0,71,-1,Location 2,Free Practice 1
1618036357,10/04/21 6:32,10.8889,12.5,65,1017.58,0,71,-1,Location 2,Free Practice 1
1618036422,10/04/21 6:33,10.8889,12.6,65,1017.68,0,71,-1,Location 2,Free Practice 1
1618036488,10/04/21 6:34,10.9444,12.6,65,1017.64,0,71,-1,Location 2,Free Practice 1
1618036552,10/04/21 6:35,10.9444,12.6,65,1017.51,0,71,-1,Location 2,Free Practice 1
1618036613,10/04/21 6:36,10.9444,12.6,65,1017.54,0,71,-1,Location 2,Free Practice 1
1618036678,10/04/21 6:37,11,12.6,65,1017.58,0,71,-1,Location 2,Free Practice 1
1618036743,10/04/21 6:39,11,12.7,65,1017.64,0,71,-1,Location 2,Free Practice 1
1618036808,10/04/21 6:40,11.0556,12.7,65,1017.54,0,71,-1,Location 2,Free Practice 1
1618036868,10/04/21 6:41,11.0556,12.8,65,1017.51,0,71,-1,Location 2,Free Practice 1
1618036933,10/04/21 6:42,11.1111,12.8,65,1017.47,0,71,-1,Location 2,Free Practice 1
1618036998,10/04/21 6:43,11.1667,12.8,65,1017.58,0,71,-1,Location 2,Free Practice 1
1618037063,10/04/21 6:44,11.1667,12.9,65,1017.58,0,71,-1,Location 2,Free Practice 1
1618049287,10/04/21 10:08,15.0556,19.6,63,1018.08,2.12187,160,-1,Location 2,Qualifying Group 2
1618049352,10/04/21 10:09,15.0556,19.6,63,1018.08,1.06093,169,-1,Location 2,Qualifying Group 2
1618049418,10/04/21 10:10,15.0556,19.5,63,1018.02,2.12187,168,-1,Location 2,Qualifying Group 2
1618049482,10/04/21 10:11,15.0556,19.5,63,1018.02,4.24374,167,-1,Location 2,Qualifying Group 2
1618050259,10/04/21 10:24,14.9444,19.4,64,1017.91,1.06093,196,-1,Location 2,Qualifying Group 4
1618050323,10/04/21 10:25,14.9444,19.7,64,1017.85,0,197,-1,Location 2,Qualifying Group 4
1618050384,10/04/21 10:26,14.9444,19.9,64,1017.88,2.12187,196,-1,Location 2,Qualifying Group 4
1618050449,10/04/21 10:27,15,20.1,64,1017.78,2.12187,194,-1,Location 2,Qualifying Group 4
1618049798,10/04/21 10:16,14.9444,19.4,63,1017.98,2.12187,171,-1,Location 2,Qualifying Group 3
1618049863,10/04/21 10:17,14.9444,19.4,63,1017.95,1.06093,148,-1,Location 2,Qualifying Group 3
1618049928,10/04/21 10:18,14.9444,19.4,63,1017.91,1.06093,163,-1,Location 2,Qualifying Group 3
1618049993,10/04/21 10:19,14.9444,19.4,63,1017.81,2.12187,163,-1,Location 2,Qualifying Group 3
1614430803,27/02/21 13:00,22.8333,29.2,30,937.183,1.06093,322,-1,Location 1,Qualifying Group 1
1614430882,27/02/21 13:01,22.8333,29,30,937.115,1.06093,315,-1,Location 1,Qualifying Group 1
1614430948,27/02/21 13:02,22.8333,28.9,30,937.082,1.06093,125,-1,Location 1,Qualifying Group 1
1614431013,27/02/21 13:03,22.8333,28.7,30,937.115,2.12187,61,-1,Location 1,Qualifying Group 1
1614422760,27/02/21 10:46,22,32.7,32,937.454,2.12187,286,-1,Location 1,Free Practice 3
1614422820,27/02/21 10:47,22,33,32,937.42,8.48747,270,-1,Location 1,Free Practice 3
1614422885,27/02/21 10:48,21.9444,33.2,32,937.454,4.24374,298,-1,Location 1,Free Practice 3
1614422950,27/02/21 10:49,21.9444,33.5,32,937.352,4.24374,309,-1,Location 1,Free Practice 3
1614423016,27/02/21 10:50,22,33.7,32,937.386,4.24374,294,-1,Location 1,Free Practice 3
1614423081,27/02/21 10:51,22.0556,33.9,32,937.42,2.12187,295,-1,Location 1,Free Practice 3
1614423145,27/02/21 10:52,22.1111,34.1,32,937.386,1.06093,288,-1,Location 1,Free Practice 3
1614423206,27/02/21 10:53,22.1667,34.2,32,937.42,3.1828,331,-1,Location 1,Free Practice 3
1614423270,27/02/21 10:54,22.2222,34.4,31,937.454,2.12187,329,-1,Location 1,Free Practice 3
1614423331,27/02/21 10:55,22.2778,34.5,31,937.42,3.1828,297,-1,Location 1,Free Practice 3
1614423396,27/02/21 10:56,22.2778,34.5,31,937.386,3.1828,277,-1,Location 1,Free Practice 3
1614423461,27/02/21 10:57,22.3333,34.7,31,937.352,3.1828,22,-1,Location 1,Free Practice 3
1614423526,27/02/21 10:58,22.3333,34.7,31,937.319,2.12187,18,-1,Location 1,Free Practice 3
1614423601,27/02/21 11:00,22.3333,34.8,31,937.319,0,332,-1,Location 1,Free Practice 3
1614423661,27/02/21 11:01,22.3889,34.8,31,937.251,1.06093,332,-1,Location 1,Free Practice 3
1614423727,27/02/21 11:02,22.3889,34.9,31,937.217,5.30467,298,-1,Location 1,Free Practice 3
1614423792,27/02/21 11:03,22.4444,35,31,937.217,2.12187,61,-1,Location 1,Free Practice 3
1614423856,27/02/21 11:04,22.4444,35,30,937.183,1.06093,348,-1,Location 1,Free Practice 3
1614423917,27/02/21 11:05,22.4444,35.1,31,937.149,10.6093,301,-1,Location 1,Free Practice 3
1614423982,27/02/21 11:06,22.4444,34.9,30,937.082,2.12187,5,-1,Location 1,Free Practice 3
1614424047,27/02/21 11:07,22.4444,34.6,30,937.149,5.30467,314,-1,Location 1,Free Practice 3
1614424112,27/02/21 11:08,22.4444,34.1,30,937.115,2.12187,283,-1,Location 1,Free Practice 3
1614424177,27/02/21 11:09,22.5,34.1,30,937.082,2.12187,275,-1,Location 1,Free Practice 3
1614424237,27/02/21 11:10,22.5,34.2,30,937.115,3.1828,355,-1,Location 1,Free Practice 3
1614424302,27/02/21 11:11,22.5556,34.3,30,937.082,3.1828,290,-1,Location 1,Free Practice 3
1614424368,27/02/21 11:12,22.6111,34.3,30,937.014,1.06093,304,-1,Location 1,Free Practice 3
1614424432,27/02/21 11:13,22.6111,34.3,31,937.082,1.06093,302,-1,Location 1,Free Practice 3
1614424493,27/02/21 11:14,22.6667,34.2,30,937.014,2.12187,296,-1,Location 1,Free Practice 3
1614424558,27/02/21 11:15,22.7222,34.2,30,937.115,2.12187,296,-1,Location 1,Free Practice 3
1614424623,27/02/21 11:17,22.7778,34.3,30,937.082,6.3656,49,-1,Location 1,Free Practice 3
1614424688,27/02/21 11:18,22.7778,34.4,30,937.115,4.24374,21,-1,Location 1,Free Practice 3
1614424748,27/02/21 11:19,22.7778,34.4,30,937.048,2.12187,5,-1,Location 1,Free Practice 3
1614424813,27/02/21 11:20,22.7778,34.5,30,936.98,1.06093,350,-1,Location 1,Free Practice 3
1614424878,27/02/21 11:21,22.8333,34.4,30,937.014,2.12187,41,-1,Location 1,Free Practice 3
1614424943,27/02/21 11:22,22.8889,34.4,30,937.014,2.12187,58,-1,Location 1,Free Practice 3
1614425003,27/02/21 11:23,22.8889,34.4,30,937.048,5.30467,346,-1,Location 1,Free Practice 3
1614425069,27/02/21 11:24,22.9444,34.4,30,937.014,2.12187,291,-1,Location 1,Free Practice 3
1614425134,27/02/21 11:25,23,34.4,30,937.082,4.24374,312,-1,Location 1,Free Practice 3
1614425199,27/02/21 11:26,23,34.4,30,937.048,5.30467,26,-1,Location 1,Free Practice 3
1614425264,27/02/21 11:27,22.9444,33.9,29,937.014,2.12187,51,-1,Location 1,Free Practice 3
1614425324,27/02/21 11:28,22.8889,33.6,29,937.082,2.12187,292,-1,Location 1,Free Practice 3
1614425389,27/02/21 11:29,22.8333,33.5,30,937.082,2.12187,304,-1,Location 1,Free Practice 3
1614431333,27/02/21 13:08,22.9444,28.2,30,936.98,2.12187,99,-1,Location 1,Qualifying Group 2
1614431398,27/02/21 13:09,22.9444,28.1,30,937.014,0,87,-1,Location 1,Qualifying Group 2
1614431464,27/02/21 13:11,23,28,30,936.946,3.1828,88,-1,Location 1,Qualifying Group 2
1614432294,27/02/21 13:24,22.8889,26.8,30,937.014,3.1828,340,-1,Location 1,Qualifying Group 4
1614432355,27/02/21 13:25,22.8889,26.8,30,937.048,2.12187,57,-1,Location 1,Qualifying Group 4
1614432420,27/02/21 13:27,22.8889,26.7,30,937.014,3.1828,44,-1,Location 1,Qualifying Group 4
1614431784,27/02/21 13:16,22.8889,27.5,30,936.98,1.06093,98,-1,Location 1,Qualifying Group 3
1614431844,27/02/21 13:17,22.8889,27.4,30,937.048,1.06093,57,-1,Location 1,Qualifying Group 3
1614431909,27/02/21 13:18,22.8889,27.3,30,937.014,0,56,-1,Location 1,Qualifying Group 3
1614431974,27/02/21 13:19,22.8889,27.2,30,936.946,0,88,-1,Location 1,Qualifying Group 3
1619337619,25/04/21 8:00,14.2222,14.9,87,992.754,0,329,-1,Location 3,Qualifying Group 1
1619337684,25/04/21 8:01,14.2222,15,87,992.889,0,329,-1,Location 3,Qualifying Group 1
1619337749,25/04/21 8:02,14.2778,15,87,992.788,2.12187,284,-1,Location 3,Qualifying Group 1
1619337814,25/04/21 8:03,14.2778,15,87,992.855,1.06093,283,-1,Location 3,Qualifying Group 1
1619330453,25/04/21 6:00,12.2222,12,92,992.889,0,333,-1,Location 3,Free Practice 3
1619330518,25/04/21 6:01,12.2222,12,92,992.889,0,333,-1,Location 3,Free Practice 3
1619330583,25/04/21 6:03,12.2222,12,92,992.923,0,333,-1,Location 3,Free Practice 3
1619330648,25/04/21 6:04,12.2222,12,92,992.923,0,333,-1,Location 3,Free Practice 3
1619330708,25/04/21 6:05,12.2222,12,92,992.957,0,333,-1,Location 3,Free Practice 3
1619330774,25/04/21 6:06,12.2778,12,92,992.991,0,333,-1,Location 3,Free Practice 3
1619330839,25/04/21 6:07,12.2778,11.9,92,993.059,0,333,-1,Location 3,Free Practice 3
1619330903,25/04/21 6:08,12.2778,11.9,92,992.957,0,332,-1,Location 3,Free Practice 3
1619330964,25/04/21 6:09,12.2778,11.9,92,992.923,0,332,-1,Location 3,Free Practice 3
1619331029,25/04/21 6:10,12.2778,11.9,92,992.923,0,332,-1,Location 3,Free Practice 3
1619331094,25/04/21 6:11,12.2778,12,92,992.923,0,332,-1,Location 3,Free Practice 3
1619331159,25/04/21 6:12,12.2778,12,92,992.923,0,332,-1,Location 3,Free Practice 3
1619331219,25/04/21 6:13,12.2778,11.9,92,992.923,0,332,-1,Location 3,Free Practice 3
1619331284,25/04/21 6:14,12.2778,12,92,992.957,0,332,-1,Location 3,Free Practice 3
1619331350,25/04/21 6:15,12.2778,12,92,992.822,0,332,-1,Location 3,Free Practice 3
1619331414,25/04/21 6:16,12.2778,12,92,992.754,0,332,-1,Location 3,Free Practice 3
1619331475,25/04/21 6:17,12.2778,12,92,992.788,0,332,-1,Location 3,Free Practice 3
1619331540,25/04/21 6:19,12.2778,12,92,992.754,0,332,-1,Location 3,Free Practice 3
1619331605,25/04/21 6:20,12.2778,12,92,992.822,0,332,-1,Location 3,Free Practice 3
1619331670,25/04/21 6:21,12.2778,12,92,992.822,0,332,-1,Location 3,Free Practice 3
1619331730,25/04/21 6:22,12.2778,12,92,992.855,0,332,-1,Location 3,Free Practice 3
1619331795,25/04/21 6:23,12.3333,12,92,992.855,0,332,-1,Location 3,Free Practice 3
1619331860,25/04/21 6:24,12.3333,12,92,992.822,0,332,-1,Location 3,Free Practice 3
1619331925,25/04/21 6:25,12.3333,12,92,992.923,0,332,-1,Location 3,Free Practice 3
1619331990,25/04/21 6:26,12.3333,12,92,992.855,0,332,-1,Location 3,Free Practice 3
1619332051,25/04/21 6:27,12.3333,12,92,992.855,0,332,-1,Location 3,Free Practice 3
1619332116,25/04/21 6:28,12.3333,12,92,992.822,0,332,-1,Location 3,Free Practice 3
1619332181,25/04/21 6:29,12.3889,12,92,992.788,0,332,-1,Location 3,Free Practice 3
1619332245,25/04/21 6:30,12.3889,12.1,92,992.889,0,332,-1,Location 3,Free Practice 3
1619332306,25/04/21 6:31,12.3889,12.1,92,993.025,0,332,-1,Location 3,Free Practice 3
1619332371,25/04/21 6:32,12.3889,12.1,92,992.957,0,332,-1,Location 3,Free Practice 3
1619332436,25/04/21 6:33,12.3889,12.2,92,992.991,0,332,-1,Location 3,Free Practice 3
1619332501,25/04/21 6:35,12.3889,12.2,92,993.059,0,332,-1,Location 3,Free Practice 3
1619332561,25/04/21 6:36,12.4444,12.3,93,992.923,0,332,-1,Location 3,Free Practice 3
1619332626,25/04/21 6:37,12.4444,12.3,93,992.923,0,332,-1,Location 3,Free Practice 3
1619332692,25/04/21 6:38,12.4444,12.3,93,992.855,0,332,-1,Location 3,Free Practice 3
1619332756,25/04/21 6:39,12.4444,12.4,92,992.889,0,332,-1,Location 3,Free Practice 3
1619332817,25/04/21 6:40,12.4444,12.4,92,992.923,0,331,-1,Location 3,Free Practice 3
1619332882,25/04/21 6:41,12.4444,12.4,92,992.923,0,331,-1,Location 3,Free Practice 3
1619332947,25/04/21 6:42,12.5,12.4,92,992.889,0,331,-1,Location 3,Free Practice 3
1619333012,25/04/21 6:43,12.5,12.4,92,992.822,0,331,-1,Location 3,Free Practice 3
1619333077,25/04/21 6:44,12.5,12.4,92,992.822,0,331,-1,Location 3,Free Practice 3
1619338135,25/04/21 8:08,14.4444,15.8,87,992.957,2.12187,269,-1,Location 3,Qualifying Group 2
1619338200,25/04/21 8:10,14.5,16,87,992.889,1.06093,273,-1,Location 3,Qualifying Group 2
1619338260,25/04/21 8:11,14.5556,16.1,87,992.991,0,360,-1,Location 3,Qualifying Group 2
1619339091,25/04/21 8:24,14.7778,17,85,992.923,2.12187,266,-1,Location 3,Qualifying Group 4
1619339156,25/04/21 8:25,14.7778,17.3,85,992.855,2.12187,267,-1,Location 3,Qualifying Group 4
1619339222,25/04/21 8:27,14.7778,17.3,84,992.822,1.06093,265,-1,Location 3,Qualifying Group 4
1619338581,25/04/21 8:16,14.6667,16.3,86,992.889,0,296,-1,Location 3,Qualifying Group 3
1619338646,25/04/21 8:17,14.7222,16.1,86,992.923,0,304,-1,Location 3,Qualifying Group 3
1619338711,25/04/21 8:18,14.6667,16,85,992.991,1.06093,305,-1,Location 3,Qualifying Group 3
1619338776,25/04/21 8:19,14.6667,16,85,992.889,1.06093,150,-1,Location 3,Qualifying Group 3
1627203652,25/07/21 9:00,"19,32","19,3","79,51","1006,74","1,06",329,0,Location 7,Qualifying Group 1
1627203712,25/07/21 9:01,"19,2","19,3","80,21","1006,73","11,61",321,0,Location 7,Qualifying Group 1
1627203772,25/07/21 9:02,"19,25","19,2","79,99","1006,74","11,59",310,0,Location 7,Qualifying Group 1
1627203832,25/07/21 9:03,"19,11","19,2","80,48","1006,73","21,6",313,0,Location 7,Qualifying Group 1
1627204133,25/07/21 9:08,"19,22","19,2","80,73","1006,73","14,56",305,0,Location 7,Qualifying Group 2
1627204193,25/07/21 9:09,"19,33","19,2","80,35","1006,75","11,92",297,0,Location 7,Qualifying Group 2
1627204253,25/07/21 9:10,"19,24","19,2","80,29","1006,73","17,57",316,0,Location 7,Qualifying Group 2
1627204313,25/07/21 9:11,"19,05","19,2","81,26","1006,72",0,308,"0,01",Location 7,Qualifying Group 2
1627205093,25/07/21 9:24,"20,1","19,8","78,22","1006,71","10,03",297,0,Location 7,Qualifying Group 4
1627205153,25/07/21 9:25,"20,02","19,9","77,8","1006,7","9,24",316,0,Location 7,Qualifying Group 4
1627205213,25/07/21 9:26,"19,74","19,9","78,53","1006,69","8,79",314,0,Location 7,Qualifying Group 4
1627205273,25/07/21 9:27,"19,76",20,"78,7","1006,7","6,99",56,0,Location 7,Qualifying Group 4
1627204613,25/07/21 9:16,"19,75","19,3","78,72","1006,75","5,87",282,0,Location 7,Qualifying Group 3
1627204673,25/07/21 9:17,"19,83","19,4","78,47","1006,75","0,64",25,0,Location 7,Qualifying Group 3
1627204733,25/07/21 9:18,"19,66","19,4","79,3","1006,74",0,35,0,Location 7,Qualifying Group 3
1627204793,25/07/21 9:19,"19,64","19,5","79,48","1006,74","4,4",94,0,Location 7,Qualifying Group 3
1624208415,20/06/21 17:00,"2,04,444","47,5",69,"7,76,872","2,12,187",228,-1,Location 5,Qualifying Group 1
1624208480,20/06/21 17:01,"2,04,444","47,9",69,"7,76,804","31,828",227,-1,Location 5,Qualifying Group 1
1624208545,20/06/21 17:02,"20,5","47,9",69,"7,76,736","1,06,093",227,-1,Location 5,Qualifying Group 1
1624208610,20/06/21 17:03,"2,05,556","47,4",69,"7,76,702","63,656",216,-1,Location 5,Qualifying Group 1
1624198530,20/06/21 14:15,"1,60,556","24,6",86,"7,76,465",0,192,-1,Location 5,Free Practice 3
1624198605,20/06/21 14:16,"1,61,111","24,7",86,"7,76,465",0,192,-1,Location 5,Free Practice 3
1624198670,20/06/21 14:17,"1,61,111","24,7",86,"7,76,465",0,192,-1,Location 5,Free Practice 3
1624198735,20/06/21 14:18,"1,61,667","24,6",86,"7,76,465",0,192,-1,Location 5,Free Practice 3
1624198800,20/06/21 14:20,"1,62,222","24,6",85,"7,76,499",0,192,-1,Location 5,Free Practice 3
1624198860,20/06/21 14:21,"1,62,778","24,6",85,"7,76,465","2,12,187",192,-1,Location 5,Free Practice 3
1624198925,20/06/21 14:22,"1,62,778","24,6",85,"7,76,499",0,192,-1,Location 5,Free Practice 3
1624198990,20/06/21 14:23,"1,63,333","24,6",85,"7,76,465",0,192,-1,Location 5,Free Practice 3
1624199055,20/06/21 14:24,"1,64,444","24,8",85,"7,76,533",0,192,-1,Location 5,Free Practice 3
1624199115,20/06/21 14:25,"16,5",25,85,"7,76,499","2,12,187",59,-1,Location 5,Free Practice 3
1624199181,20/06/21 14:26,"1,66,667","25,1",84,"7,76,499","2,12,187",55,-1,Location 5,Free Practice 3
1624199246,20/06/21 14:27,"1,67,222","25,3",84,"7,76,499","1,06,093",55,-1,Location 5,Free Practice 3
1624199310,20/06/21 14:28,"1,68,333","25,4",83,"7,76,567","2,12,187",55,-1,Location 5,Free Practice 3
1624199371,20/06/21 14:29,"1,68,889","25,5",82,"7,76,533","2,12,187",55,-1,Location 5,Free Practice 3
1624199436,20/06/21 14:30,"1,69,444","25,9",82,"7,76,533","1,06,093",55,-1,Location 5,Free Practice 3
1624199501,20/06/21 14:31,"1,70,556",26,82,"7,76,499","1,06,093",55,-1,Location 5,Free Practice 3
1624199566,20/06/21 14:32,"1,71,667",26,82,"7,76,465","1,06,093",55,-1,Location 5,Free Practice 3
1624199631,20/06/21 14:33,"1,72,222","26,5",81,"7,76,431","1,06,093",55,-1,Location 5,Free Practice 3
1624199691,20/06/21 14:34,"1,72,778","26,6",81,"7,76,364",0,55,-1,Location 5,Free Practice 3
1624199757,20/06/21 14:35,"1,73,889","26,8",81,"7,76,364","2,12,187",55,-1,Location 5,Free Practice 3
1624199822,20/06/21 14:37,"1,74,444","27,1",81,"7,76,364",0,355,-1,Location 5,Free Practice 3
1624199887,20/06/21 14:38,"1,75,556","27,2",81,"7,76,431","1,06,093",226,-1,Location 5,Free Practice 3
1624199951,20/06/21 14:39,"1,76,111","27,4",81,"7,76,397","2,12,187",351,-1,Location 5,Free Practice 3
1624200012,20/06/21 14:40,"1,76,667","27,6",80,"7,76,431",0,351,-1,Location 5,Free Practice 3
1624200077,20/06/21 14:41,"1,76,667","27,7",81,"7,76,431",0,351,-1,Location 5,Free Practice 3
1624200142,20/06/21 14:42,"1,77,778","27,7",81,"7,76,465","1,06,093",355,-1,Location 5,Free Practice 3
1624200202,20/06/21 14:43,"1,78,333","28,1",81,"7,76,465","1,06,093",355,-1,Location 5,Free Practice 3
1624200267,20/06/21 14:44,"1,78,889","28,1",81,"7,76,499",0,355,-1,Location 5,Free Practice 3
1624200332,20/06/21 14:45,"1,79,444","28,1",80,"7,76,499",0,355,-1,Location 5,Free Practice 3
1624200397,20/06/21 14:46,18,"28,4",80,"7,76,533","1,06,093",355,-1,Location 5,Free Practice 3
1624200457,20/06/21 14:47,"1,80,556","28,4",80,"7,76,499","1,06,093",355,-1,Location 5,Free Practice 3
1624200523,20/06/21 14:48,"1,80,556","28,4",80,"7,76,634",0,355,-1,Location 5,Free Practice 3
1624200588,20/06/21 14:49,"1,81,111","28,6",80,"7,76,601",0,355,-1,Location 5,Free Practice 3
1624200653,20/06/21 14:50,"1,81,667","28,8",79,"7,76,601",0,355,-1,Location 5,Free Practice 3
1624200713,20/06/21 14:51,"1,82,222",29,79,"7,76,634",0,355,-1,Location 5,Free Practice 3
1624200778,20/06/21 14:52,"1,82,222","29,3",79,"7,76,634",0,355,-1,Location 5,Free Practice 3
1624200843,20/06/21 14:54,"1,82,778","29,5",78,"7,76,668",0,355,-1,Location 5,Free Practice 3
1624200908,20/06/21 14:55,"1,82,778","29,6",78,"7,76,634",0,355,-1,Location 5,Free Practice 3
1624200973,20/06/21 14:56,"1,82,778","29,9",79,"7,76,702","1,06,093",355,-1,Location 5,Free Practice 3
1624201033,20/06/21 14:57,"1,83,333","30,1",79,"7,76,702","2,12,187",355,-1,Location 5,Free Practice 3
1624201099,20/06/21 14:58,"1,83,333","30,1",79,"7,76,702","1,06,093",355,-1,Location 5,Free Practice 3
1624201164,20/06/21 14:59,"1,83,889","30,6",79,"7,76,702","1,06,093",11,-1,Location 5,Free Practice 3
1624208926,20/06/21 17:08,"2,06,667","45,7",70,"7,76,634","5,30,467",241,-1,Location 5,Qualifying Group 2
1624208991,20/06/21 17:09,"2,06,667","45,8",70,"7,76,668","5,30,467",238,-1,Location 5,Qualifying Group 2
1624209056,20/06/21 17:10,"2,06,667","45,1",70,"7,76,634","4,24,374",234,-1,Location 5,Qualifying Group 2
1624209887,20/06/21 17:24,"2,12,222","48,1",68,"7,76,634","4,24,374",215,-1,Location 5,Qualifying Group 4
1624209952,20/06/21 17:25,"2,12,778","48,1",68,"7,76,634","5,30,467",227,-1,Location 5,Qualifying Group 4
1624210012,20/06/21 17:26,"2,13,333","47,7",68,"7,76,668","1,16,703",232,-1,Location 5,Qualifying Group 4
1624210077,20/06/21 17:27,"2,13,333","47,8",68,"7,76,634","9,54,841",230,-1,Location 5,Qualifying Group 4
1624209376,20/06/21 17:16,"2,08,333","44,2",70,"7,76,601","9,54,841",222,-1,Location 5,Qualifying Group 3
1624209441,20/06/21 17:17,"2,08,333","45,3",70,"7,76,567","63,656",238,-1,Location 5,Qualifying Group 3
1624209501,20/06/21 17:18,"2,08,333","45,3",70,"7,76,601","9,54,841",236,-1,Location 5,Qualifying Group 3
1624209567,20/06/21 17:19,"2,08,333","46,2",69,"7,76,601","8,48,747",217,-1,Location 5,Qualifying Group 3
1626010250,11/07/21 13:30,"22,444",25,87,"1016,46","0,4444",269,-1,Location 6,Qualifying Group 1
1626010310,11/07/21 13:31,"22,444",25,87,"1016,46","0,4444",222,-1,Location 6,Qualifying Group 1
1626010370,11/07/21 13:32,"22,444",25,87,"1016,46","0,5666",254,-1,Location 6,Qualifying Group 1
1626010430,11/07/21 13:33,"22,444",25,87,"1016,46",0,210,-1,Location 6,Qualifying Group 1
1626010730,11/07/21 13:38,"22,444",25,87,"1016,46","1,667",210,-1,Location 6,Qualifying Group 2
1626010790,11/07/21 13:39,"22,444",25,87,"1016,53",2,220,-1,Location 6,Qualifying Group 2
1626010850,11/07/21 13:40,"22,444",25,87,"1016,46","1,111",224,-1,Location 6,Qualifying Group 2
1626010910,11/07/21 13:41,"22,444",25,87,"1016,53","1,145",145,-1,Location 6,Qualifying Group 2
1626011650,11/07/21 13:54,"2,29,444","25,1",87,"1016,63","31,828",218,-1,Location 6,Qualifying Group 4
1626011715,11/07/21 13:55,"2,29,444","25,1",86,"1016,63","2,12,187",202,-1,Location 6,Qualifying Group 4
1626011781,11/07/21 13:56,"2,29,444","25,2",86,"1016,73",0,222,-1,Location 6,Qualifying Group 4
1626011845,11/07/21 13:57,23,"25,2",86,"1016,7","1,06,093",235,-1,Location 6,Qualifying Group 4
1626011330,11/07/21 13:48,"2,29,444","25,2",86,"1016,66","2,12,187",211,-1,Location 6,Qualifying Group 3
1626011395,11/07/21 13:49,"2,29,444","25,2",87,"1016,56","2,12,187",161,-1,Location 6,Qualifying Group 3
1618124458,11/04/21 7:00,12.3889,11.6,77,1012.8,3.1828,157,-1,Location 2,Qualifying Group 1
1618124523,11/04/21 7:02,12.3889,11.7,77,1012.87,2.12187,141,-1,Location 2,Qualifying Group 1
1618124588,11/04/21 7:03,12.4444,11.7,78,1012.77,4.24374,161,-1,Location 2,Qualifying Group 1
1618117217,11/04/21 5:00,12.6667,10.7,71,1012.63,4.24374,160,-1,Location 2,Free Practice 3
1618117281,11/04/21 5:01,12.6667,10.7,71,1012.67,2.12187,160,-1,Location 2,Free Practice 3
1618117342,11/04/21 5:02,12.6667,10.7,71,1012.67,5.30467,183,-1,Location 2,Free Practice 3
1618117407,11/04/21 5:03,12.6667,10.6,71,1012.7,4.24374,165,-1,Location 2,Free Practice 3
1618117472,11/04/21 5:04,12.6667,10.6,71,1012.77,4.24374,113,-1,Location 2,Free Practice 3
1618117537,11/04/21 5:05,12.7222,10.6,71,1012.73,2.12187,175,-1,Location 2,Free Practice 3
1618117597,11/04/21 5:06,12.7222,10.6,70,1012.77,2.12187,168,-1,Location 2,Free Practice 3
1618117662,11/04/21 5:07,12.7222,10.6,70,1012.73,2.12187,156,-1,Location 2,Free Practice 3
1618117727,11/04/21 5:08,12.7778,10.6,70,1012.73,5.30467,164,-1,Location 2,Free Practice 3
1618117793,11/04/21 5:09,12.7778,10.6,70,1012.77,4.24374,69,-1,Location 2,Free Practice 3
1618117857,11/04/21 5:10,12.7778,10.6,70,1012.8,5.30467,158,-1,Location 2,Free Practice 3
1618117918,11/04/21 5:11,12.7778,10.6,70,1012.8,2.12187,174,-1,Location 2,Free Practice 3
1618117983,11/04/21 5:13,12.7778,10.6,70,1012.87,4.24374,170,-1,Location 2,Free Practice 3
1618118048,11/04/21 5:14,12.7778,10.6,69,1012.87,6.3656,173,-1,Location 2,Free Practice 3
1618118113,11/04/21 5:15,12.8333,10.6,69,1012.84,5.30467,163,-1,Location 2,Free Practice 3
1618118178,11/04/21 5:16,12.8333,10.5,69,1012.94,6.3656,151,-1,Location 2,Free Practice 3
1618118238,11/04/21 5:17,12.8333,10.5,68,1012.9,4.24374,153,-1,Location 2,Free Practice 3
1618118303,11/04/21 5:18,12.8333,10.5,68,1012.87,4.24374,160,-1,Location 2,Free Practice 3
1618118368,11/04/21 5:19,12.8889,10.5,68,1012.87,2.12187,152,-1,Location 2,Free Practice 3
1618118428,11/04/21 5:20,12.8889,10.5,68,1012.84,2.12187,158,-1,Location 2,Free Practice 3
1618118494,11/04/21 5:21,12.8889,10.5,68,1012.8,5.30467,174,-1,Location 2,Free Practice 3
1618118559,11/04/21 5:22,12.8889,10.5,68,1012.87,1.06093,174,-1,Location 2,Free Practice 3
1618118623,11/04/21 5:23,12.8889,10.5,69,1012.9,3.1828,208,-1,Location 2,Free Practice 3
1618118684,11/04/21 5:24,12.9444,10.5,68,1012.8,1.06093,190,-1,Location 2,Free Practice 3
1618118749,11/04/21 5:25,12.8889,10.5,68,1012.87,5.30467,158,-1,Location 2,Free Practice 3
1618118814,11/04/21 5:26,12.8889,10.5,68,1012.8,4.24374,194,-1,Location 2,Free Practice 3
1618118879,11/04/21 5:27,12.8889,10.5,67,1012.84,3.1828,148,-1,Location 2,Free Practice 3
1618118939,11/04/21 5:28,12.9444,10.4,67,1012.87,4.24374,178,-1,Location 2,Free Practice 3
1618119004,11/04/21 5:30,12.9444,10.4,67,1012.9,4.24374,175,-1,Location 2,Free Practice 3
1618119070,11/04/21 5:31,12.9444,10.4,66,1012.87,4.24374,169,-1,Location 2,Free Practice 3
1618119135,11/04/21 5:32,12.9444,10.3,66,1012.77,2.12187,130,-1,Location 2,Free Practice 3
1618119199,11/04/21 5:33,12.9444,10.3,66,1012.84,2.12187,197,-1,Location 2,Free Practice 3
1618119260,11/04/21 5:34,12.9444,10.3,66,1012.8,4.24374,150,-1,Location 2,Free Practice 3
1618119330,11/04/21 5:35,12.9444,10.3,66,1012.73,4.24374,167,-1,Location 2,Free Practice 3
1618119390,11/04/21 5:36,12.9444,10.3,66,1012.8,4.24374,164,-1,Location 2,Free Practice 3
1618119455,11/04/21 5:37,12.9444,10.3,66,1012.7,3.1828,175,-1,Location 2,Free Practice 3
1618119515,11/04/21 5:38,12.9444,10.3,66,1012.73,2.12187,130,-1,Location 2,Free Practice 3
1618119580,11/04/21 5:39,12.9444,10.3,66,1012.63,5.30467,148,-1,Location 2,Free Practice 3
1618119645,11/04/21 5:40,12.9444,10.3,66,1012.63,3.1828,119,-1,Location 2,Free Practice 3
1618119710,11/04/21 5:41,12.9444,10.3,66,1012.63,2.12187,195,-1,Location 2,Free Practice 3
1618119771,11/04/21 5:42,12.9444,10.2,66,1012.67,8.48747,196,-1,Location 2,Free Practice 3
1618119836,11/04/21 5:43,12.9444,10.2,66,1012.67,3.1828,56,-1,Location 2,Free Practice 3
1618124908,11/04/21 7:08,12.6667,11.7,76,1013,2.12187,163,-1,Location 2,Qualifying Group 2
1618124969,11/04/21 7:09,12.7222,11.7,75,1012.94,7.42654,172,-1,Location 2,Qualifying Group 2
1618125034,11/04/21 7:10,12.7778,11.7,75,1013,3.1828,146,-1,Location 2,Qualifying Group 2
1618125099,11/04/21 7:11,12.8333,11.7,75,1012.94,6.3656,173,-1,Location 2,Qualifying Group 2
1618125862,11/04/21 7:24,13.2222,12,74,1012.97,3.1828,126,-1,Location 2,Qualifying Group 4
1618125925,11/04/21 7:25,13.2222,12,74,1013,6.3656,165,-1,Location 2,Qualifying Group 4
1618125990,11/04/21 7:26,13.2778,12,74,1012.97,1.06093,93,-1,Location 2,Qualifying Group 4
1618126055,11/04/21 7:27,13.2778,12,74,1012.87,2.12187,150,-1,Location 2,Qualifying Group 4
1618125419,11/04/21 7:16,13.0556,11.7,74,1012.94,3.1828,134,-1,Location 2,Qualifying Group 3
1618125484,11/04/21 7:18,13.0556,11.8,75,1012.97,2.12187,173,-1,Location 2,Qualifying Group 3
1618125544,11/04/21 7:19,13.1111,11.8,75,1012.9,3.1828,142,-1,Location 2,Qualifying Group 3
1627113609,24/07/21 8:00,"17,25","17,4","92,37","1007,77","4,31",22,"0,25",Location 7,Free Practice 2
1627113669,24/07/21 8:01,"17,3","17,3","91,37","1007,71","13,06",333,"0,01",Location 7,Free Practice 2
1627113729,24/07/21 8:02,"17,11","17,3","90,72","1007,66","3,54",327,"0,03",Location 7,Free Practice 2
1627113789,24/07/21 8:03,"17,12","17,2","91,75","1007,79","5,01",13,0,Location 7,Free Practice 2
1627113849,24/07/21 8:04,"17,19","17,2","92,43","1007,97","4,62",72,0,Location 7,Free Practice 2
1627113909,24/07/21 8:05,"17,32","17,2","92,97","1008,04","4,06",96,0,Location 7,Free Practice 2
1627113969,24/07/21 8:06,"17,3","17,2","92,25","1007,94","4,56",343,0,Location 7,Free Practice 2
1627114029,24/07/21 8:07,"17,3","17,3","91,68","1007,85","3,57",1,0,Location 7,Free Practice 2
1627114089,24/07/21 8:08,"17,4","17,3","91,16","1007,82","3,23",43,0,Location 7,Free Practice 2
1627114149,24/07/21 8:09,"17,52","17,3","91,76","1007,87","7,88",90,0,Location 7,Free Practice 2
1627114209,24/07/21 8:10,"17,48","17,3","91,78","1007,9","2,78",53,0,Location 7,Free Practice 2
1627114269,24/07/21 8:11,"17,4","17,2","91,36","1007,9","5,49",42,0,Location 7,Free Practice 2
1627114329,24/07/21 8:12,"17,41","17,2","90,92","1007,88","7,35",303,0,Location 7,Free Practice 2
1627114389,24/07/21 8:13,"17,53","17,2","89,94","1007,85","6,26",6,0,Location 7,Free Practice 2
1627114449,24/07/21 8:14,"17,46","17,2","90,41","1007,86","8,29",327,0,Location 7,Free Practice 2
1627114509,24/07/21 8:15,"17,36","17,2","90,77","1007,92","0,72",344,0,Location 7,Free Practice 2
1627114569,24/07/21 8:16,"17,47","17,2","91,16","1008,03","1,29",295,0,Location 7,Free Practice 2
1627114629,24/07/21 8:17,"17,68","17,2","90,2","1008,08","10,05",349,0,Location 7,Free Practice 2
1627114689,24/07/21 8:18,"17,59","17,2","90,04","1008,12","5,48",10,0,Location 7,Free Practice 2
1627114749,24/07/21 8:19,"17,46","17,1","90,76","1008,08","1,69",100,0,Location 7,Free Practice 2
1627114809,24/07/21 8:20,"17,49","17,1","90,63","1008,03","22,25",354,0,Location 7,Free Practice 2
1627114869,24/07/21 8:21,"17,37","17,2","90,53","1008,01","13,78",311,0,Location 7,Free Practice 2
1627114929,24/07/21 8:22,"17,39","17,1","90,55","1008,01","9,52",26,0,Location 7,Free Practice 2
1627114989,24/07/21 8:23,"17,38","17,2","90,84","1007,98","2,07",32,0,Location 7,Free Practice 2
1627115049,24/07/21 8:24,"17,42","17,1","90,62","1007,92","12,21",330,0,Location 7,Free Practice 2
1627115109,24/07/21 8:25,"17,32","17,1","90,29","1007,89","4,11",334,0,Location 7,Free Practice 2
1627115169,24/07/21 8:26,"17,27","17,1","90,64","1007,93","16,22",342,0,Location 7,Free Practice 2
1627115229,24/07/21 8:27,"17,3","17,1","90,94","1007,92","10,02",36,0,Location 7,Free Practice 2
1627115289,24/07/21 8:28,"17,34","17,1","90,08","1007,9","7,06",11,0,Location 7,Free Practice 2
1627115349,24/07/21 8:29,"17,31","17,1","90,33","1007,84","3,5",317,0,Location 7,Free Practice 2
1627120813,24/07/21 10:00,"18,81","17,7","85,29","1008,01","11,34",73,0,Location 7,Qualifying Group 1
1627120873,24/07/21 10:01,"18,83","17,8","85,37","1008,03","6,34",40,0,Location 7,Qualifying Group 1
1627120933,24/07/21 10:02,"18,88","17,7","84,91","1008,04","7,25",349,0,Location 7,Qualifying Group 1
1627120993,24/07/21 10:03,"18,88","17,7","84,91","1008,07","7,08",35,0,Location 7,Qualifying Group 1
1627056042,23/07/21 16:00,"20,89","24,1","65,81","1014,96",0,68,0,Location 7,Free Practice 1
1627056102,23/07/21 16:01,"20,8","24,2","65,99","1014,93","21,94",50,0,Location 7,Free Practice 1
1627056162,23/07/21 16:02,"20,72","24,2","65,73","1014,95","12,43",5,0,Location 7,Free Practice 1
1627056222,23/07/21 16:03,"20,67",24,"65,6","1014,93","21,6",5,0,Location 7,Free Practice 1
1627056282,23/07/21 16:04,"20,52","23,9","66,14","1014,94","8,04",33,0,Location 7,Free Practice 1
1627056342,23/07/21 16:05,"20,64",24,"65,95","1014,95",0,54,0,Location 7,Free Practice 1
1627056402,23/07/21 16:06,"20,85",24,"65,39","1014,93","21,84",9,0,Location 7,Free Practice 1
1627056462,23/07/21 16:07,21,24,"65,13","1014,98","22,39",37,0,Location 7,Free Practice 1
1627056522,23/07/21 16:08,"20,71",24,"65,76","1014,95","21,85",36,0,Location 7,Free Practice 1
1627056583,23/07/21 16:09,"20,62",24,"66,25","1014,91","9,77",117,0,Location 7,Free Practice 1
1627056642,23/07/21 16:10,"20,77",24,"67,93","1014,94",0,61,0,Location 7,Free Practice 1
1627056702,23/07/21 16:11,"20,82",24,"67,16","1014,91","8,34",63,0,Location 7,Free Practice 1
1627056763,23/07/21 16:12,"20,98",24,"66,3","1014,89","13,83",45,0,Location 7,Free Practice 1
1627056823,23/07/21 16:13,"21,03",24,"65,53","1014,84","21,24",49,0,Location 7,Free Practice 1
1627056883,23/07/21 16:14,"20,93","23,9","65,44","1014,85","21,6",36,0,Location 7,Free Practice 1
1627056943,23/07/21 16:15,"20,97","23,9","65,3","1014,82","10,54",346,0,Location 7,Free Practice 1
1627057003,23/07/21 16:16,"20,88","23,8","65,41","1014,78","5,73",349,0,Location 7,Free Practice 1
1627057063,23/07/21 16:17,"20,79","23,8","65,66","1014,79","14,18",44,0,Location 7,Free Practice 1
1627057123,23/07/21 16:18,"20,59","23,8","65,88","1014,77","14,56",358,0,Location 7,Free Practice 1
1627057183,23/07/21 16:19,"20,33","23,8","66,54","1014,73","21,6",358,0,Location 7,Free Practice 1
1627057243,23/07/21 16:20,"20,29","23,7","66,62","1014,73","12,77",328,0,Location 7,Free Practice 1
1627057303,23/07/21 16:21,"20,24","23,6","66,57","1014,72","8,78",322,0,Location 7,Free Practice 1
1627057363,23/07/21 16:22,"20,23","23,5","66,7","1014,72","6,1",44,0,Location 7,Free Practice 1
1627057423,23/07/21 16:23,"20,51","23,5","65,99","1014,71","10,78",64,0,Location 7,Free Practice 1
1627057483,23/07/21 16:24,"20,84","23,5","65,39","1014,73","14,01",84,0,Location 7,Free Practice 1
1627057543,23/07/21 16:25,"20,81","23,7","66,82","1014,7","11,76",96,0,Location 7,Free Practice 1
1627057603,23/07/21 16:26,"20,57","23,7","69,48","1014,64",11,50,0,Location 7,Free Practice 1
1627057663,23/07/21 16:27,"20,59","23,7","67,2","1014,68","6,88",49,0,Location 7,Free Practice 1
1627057723,23/07/21 16:28,"20,64","23,7","66,6","1014,67","13,26",60,0,Location 7,Free Practice 1
1627057783,23/07/21 16:29,"20,38","23,7","67,44","1014,64","15,47",68,0,Location 7,Free Practice 1
1627057843,23/07/21 16:30,"20,26","23,7","68,07","1014,62","8,4",73,0,Location 7,Free Practice 1
1627057903,23/07/21 16:31,"20,32","23,7","68,07","1014,6","12,74",44,0,Location 7,Free Practice 1
1627057963,23/07/21 16:32,"20,64","23,7","66,47","1014,61","14,9",75,0,Location 7,Free Practice 1
1627058023,23/07/21 16:33,"20,51","23,6","67,53","1014,58","13,02",117,0,Location 7,Free Practice 1
1627058083,23/07/21 16:34,"20,45","23,6","66,93","1014,62","22,4",353,0,Location 7,Free Practice 1
1627058143,23/07/21 16:35,"20,31","23,5","67,04","1014,57","18,48",352,0,Location 7,Free Practice 1
1627058203,23/07/21 16:36,"20,31","23,4","66,7","1014,55","21,6",9,0,Location 7,Free Practice 1
1627058263,23/07/21 16:37,"20,28","23,3","66,81","1014,57","4,14",17,0,Location 7,Free Practice 1
1627058323,23/07/21 16:38,"20,24","23,2","66,75","1014,54","15,22",10,0,Location 7,Free Practice 1
1627058383,23/07/21 16:39,"20,08","23,2","67,44","1014,53","27,81",66,0,Location 7,Free Practice 1
1627058443,23/07/21 16:40,"20,03","23,2","68,86","1014,49","11,3",81,0,Location 7,Free Practice 1
1627058503,23/07/21 16:41,"20,03","23,2","69,46","1014,51","10,65",13,0,Location 7,Free Practice 1
1627058563,23/07/21 16:42,"20,09","23,2","67,58","1014,51","15,5",13,0,Location 7,Free Practice 1
1627058623,23/07/21 16:43,"19,98","23,1","67,67","1014,49","15,08",22,0,Location 7,Free Practice 1
1627058683,23/07/21 16:44,"19,99",23,"67,67","1014,51","21,6",60,0,Location 7,Free Practice 1
1627121293,24/07/21 10:08,"18,82","17,6","85,08","1008,09","9,73",313,0,Location 7,Qualifying Group 2
1627121353,24/07/21 10:09,"18,98","17,6","85,08","1008,13","1,23",353,0,Location 7,Qualifying Group 2
1627121413,24/07/21 10:10,"18,98","17,6","84,91","1008,13","5,74",47,0,Location 7,Qualifying Group 2
1627121473,24/07/21 10:11,"19,01","17,6","85,44","1008,15","2,2",321,0,Location 7,Qualifying Group 2
1627122913,24/07/21 10:35,"18,65","17,8","85,53","1007,98","14,13",34,0,Location 7,Qualifying Group 4
1627122973,24/07/21 10:36,"18,7","17,8","85,44","1007,99","9,2",337,0,Location 7,Qualifying Group 4
1627123033,24/07/21 10:37,"18,77","17,9","85,3",1008,0,346,0,Location 7,Qualifying Group 4
1627123093,24/07/21 10:38,"18,73","17,8","85,57","1007,99","8,23",34,0,Location 7,Qualifying Group 4
1627121773,24/07/21 10:16,"18,95","17,6","84,35","1008,16","18,21",335,0,Location 7,Qualifying Group 3
1627121833,24/07/21 10:17,"18,8","17,6","84,81","1008,16","2,19",36,0,Location 7,Qualifying Group 3
1627121893,24/07/21 10:18,"18,75","17,6","84,51","1008,14","4,11",30,0,Location 7,Qualifying Group 3
1627121953,24/07/21 10:19,"18,83","17,6","84,46","1008,16","9,76",77,0,Location 7,Qualifying Group 3
1627122013,24/07/21 10:20,"18,87","17,6","85,05","1008,15","9,7",10,0,Location 7,Qualifying Group 3
1627122073,24/07/21 10:21,"18,98","17,6","84,31","1008,15","8,92",313,0,Location 7,Qualifying Group 3
1627122133,24/07/21 10:22,"18,87","17,6","84,41","1008,15","10,9",355,"0,01",Location 7,Qualifying Group 3
1627122193,24/07/21 10:23,"18,73","17,6","84,89","1008,11","5,04",356,0,Location 7,Qualifying Group 3
1627122253,24/07/21 10:24,"18,68","17,6","85,38","1008,09","7,36",2,"0,02",Location 7,Qualifying Group 3
1627122313,24/07/21 10:25,"18,76","17,6","85,89","1008,09","5,66",357,0,Location 7,Qualifying Group 3
1627122373,24/07/21 10:26,"18,71","17,6","85,69","1008,08","10,99",3,0,Location 7,Qualifying Group 3
1627122433,24/07/21 10:27,"18,68","17,6","85,76","1008,05","10,6",340,0,Location 7,Qualifying Group 3
1627122493,24/07/21 10:28,"18,66","17,6","85,83","1008,02","9,47",333,0,Location 7,Qualifying Group 3
1627122553,24/07/21 10:29,"18,64","17,6","85,4","1008,01","8,15",340,0,Location 7,Qualifying Group 3
1627122613,24/07/21 10:30,"18,61","17,7","85,7","1007,99","10,16",335,0,Location 7,Qualifying Group 3
1627122673,24/07/21 10:31,"18,61","17,7","85,73","1007,99","7,59",26,0,Location 7,Qualifying Group 3
1620461765,08/05/21 8:16,18.8889,21.4,72,1015.58,1.06093,159,-1,Location 4,Free Practice 2
1620461830,08/05/21 8:17,18.7778,21.3,73,1015.58,3.1828,144,-1,Location 4,Free Practice 2
1620461890,08/05/21 8:18,18.6667,21.3,73,1015.58,9.54841,146,-1,Location 4,Free Practice 2
1620461955,08/05/21 8:19,18.6667,21.2,73,1015.65,3.1828,154,-1,Location 4,Free Practice 2
1620462020,08/05/21 8:20,18.7222,21.1,73,1015.58,5.30467,144,-1,Location 4,Free Practice 2
1620462085,08/05/21 8:21,18.7778,21.1,73,1015.58,4.24374,151,-1,Location 4,Free Practice 2
1620462145,08/05/21 8:22,18.7778,21,73,1015.68,3.1828,144,-1,Location 4,Free Practice 2
1620462211,08/05/21 8:23,18.8889,21,73,1015.68,4.24374,164,-1,Location 4,Free Practice 2
1620462276,08/05/21 8:24,18.9444,21,73,1015.65,5.30467,163,-1,Location 4,Free Practice 2
1620462340,08/05/21 8:25,19,20.9,73,1015.48,6.3656,148,-1,Location 4,Free Practice 2
1620462401,08/05/21 8:26,19,20.9,73,1015.61,3.1828,152,-1,Location 4,Free Practice 2
1620462466,08/05/21 8:27,19.1111,20.9,72,1015.58,3.1828,154,-1,Location 4,Free Practice 2
1620462531,08/05/21 8:28,19.2222,20.9,72,1015.71,6.3656,150,-1,Location 4,Free Practice 2
1620462596,08/05/21 8:29,19.3333,20.9,72,1015.71,2.12187,149,-1,Location 4,Free Practice 2
1620462656,08/05/21 8:30,19.4444,20.9,71,1015.75,4.24374,145,-1,Location 4,Free Practice 2
1620462721,08/05/21 8:32,19.5556,20.9,71,1015.71,8.48747,148,-1,Location 4,Free Practice 2
1620462786,08/05/21 8:33,19.6667,20.9,71,1015.78,2.12187,144,-1,Location 4,Free Practice 2
1620462851,08/05/21 8:34,19.7222,20.9,70,1015.78,5.30467,153,-1,Location 4,Free Practice 2
1620462912,08/05/21 8:35,19.7778,21,70,1015.85,4.24374,160,-1,Location 4,Free Practice 2
1620462977,08/05/21 8:36,19.7778,20.9,70,1015.82,2.12187,159,-1,Location 4,Free Practice 2
1620463042,08/05/21 8:37,19.7222,20.9,69,1015.82,5.30467,156,-1,Location 4,Free Practice 2
1620463107,08/05/21 8:38,19.7222,20.9,70,1015.68,0,156,-1,Location 4,Free Practice 2
1620463172,08/05/21 8:39,19.7778,20.9,70,1015.71,2.12187,156,-1,Location 4,Free Practice 2
1620463232,08/05/21 8:40,19.7778,20.9,70,1015.71,1.06093,156,-1,Location 4,Free Practice 2
1620463297,08/05/21 8:41,19.7778,20.9,69,1015.61,1.06093,155,-1,Location 4,Free Practice 2
1620463362,08/05/21 8:42,19.7778,20.9,68,1015.65,2.12187,157,-1,Location 4,Free Practice 2
1620463427,08/05/21 8:43,19.7778,20.9,68,1015.65,4.24374,168,-1,Location 4,Free Practice 2
1620463487,08/05/21 8:44,19.7222,21,68,1015.75,3.1828,205,-1,Location 4,Free Practice 2
1620468040,08/05/21 10:00,20.5556,32.4,64,1016.42,1.06093,205,-1,Location 4,Qualifying Group 1
1620468104,08/05/21 10:01,20.5,32.6,64,1016.42,1.06093,205,-1,Location 4,Qualifying Group 1
1620468165,08/05/21 10:02,20.4444,32.6,64,1016.46,2.12187,205,-1,Location 4,Qualifying Group 1
1620468230,08/05/21 10:03,20.4444,32.7,64,1016.46,0,199,-1,Location 4,Qualifying Group 1
1620453637,08/05/21 6:00,16.6111,16.4,78,1014.33,0,184,-1,Location 4,Free Practice 1
1620453702,08/05/21 6:01,16.6667,16.5,78,1014.33,0,184,-1,Location 4,Free Practice 1
1620453762,08/05/21 6:02,16.7222,16.5,77,1014.33,5.30467,169,-1,Location 4,Free Practice 1
1620453828,08/05/21 6:03,16.7778,16.5,76,1014.36,2.12187,150,-1,Location 4,Free Practice 1
1620453893,08/05/21 6:04,16.8333,16.6,76,1014.36,1.06093,151,-1,Location 4,Free Practice 1
1620453957,08/05/21 6:05,16.8889,16.6,75,1014.29,2.12187,161,-1,Location 4,Free Practice 1
1620454018,08/05/21 6:06,17,16.7,75,1014.33,5.30467,168,-1,Location 4,Free Practice 1
1620454083,08/05/21 6:08,17.0556,16.7,75,1014.36,3.1828,157,-1,Location 4,Free Practice 1
1620454158,08/05/21 6:09,17.2222,16.8,74,1014.33,4.24374,150,-1,Location 4,Free Practice 1
1620454223,08/05/21 6:10,17.2778,16.9,74,1014.36,4.24374,170,-1,Location 4,Free Practice 1
1620454288,08/05/21 6:11,17.3889,17,73,1014.36,2.12187,165,-1,Location 4,Free Practice 1
1620454348,08/05/21 6:12,17.4444,17,73,1014.33,5.30467,160,-1,Location 4,Free Practice 1
1620454414,08/05/21 6:13,17.5,17.1,72,1014.22,3.1828,156,-1,Location 4,Free Practice 1
1620454479,08/05/21 6:14,17.6111,17.3,72,1014.22,2.12187,178,-1,Location 4,Free Practice 1
1620454543,08/05/21 6:15,17.6111,17.4,72,1014.19,3.1828,173,-1,Location 4,Free Practice 1
1620454604,08/05/21 6:16,17.6667,17.7,72,1014.26,1.06093,171,-1,Location 4,Free Practice 1
1620454669,08/05/21 6:17,17.6667,17.8,72,1014.22,1.06093,141,-1,Location 4,Free Practice 1
1620454734,08/05/21 6:18,17.7222,18,71,1014.22,3.1828,148,-1,Location 4,Free Practice 1
1620454799,08/05/21 6:19,17.7222,18.1,71,1014.33,1.06093,140,-1,Location 4,Free Practice 1
1620454859,08/05/21 6:20,17.7778,18.2,71,1014.33,2.12187,142,-1,Location 4,Free Practice 1
1620454924,08/05/21 6:22,17.7778,18.4,71,1014.36,1.06093,144,-1,Location 4,Free Practice 1
1620454989,08/05/21 6:23,17.7778,18.6,71,1014.36,1.06093,137,-1,Location 4,Free Practice 1
1620455054,08/05/21 6:24,17.8333,18.7,70,1014.43,0,148,-1,Location 4,Free Practice 1
1620455115,08/05/21 6:25,17.8333,19,70,1014.49,0,149,-1,Location 4,Free Practice 1
1620455180,08/05/21 6:26,17.8889,19.1,70,1014.49,0,149,-1,Location 4,Free Practice 1
1620455245,08/05/21 6:27,17.9444,19.3,70,1014.49,0,149,-1,Location 4,Free Practice 1
1620455309,08/05/21 6:28,17.9444,19.4,70,1014.49,0,149,-1,Location 4,Free Practice 1
1620455370,08/05/21 6:29,18,19.5,70,1014.56,0,149,-1,Location 4,Free Practice 1
1620455435,08/05/21 6:30,18.0556,19.7,70,1014.49,0,149,-1,Location 4,Free Practice 1
1620455500,08/05/21 6:31,18.0556,19.8,70,1014.56,0,149,-1,Location 4,Free Practice 1
1620455565,08/05/21 6:32,18.0556,20,70,1014.56,0,149,-1,Location 4,Free Practice 1
1620455630,08/05/21 6:33,18.1111,20,70,1014.63,0,149,-1,Location 4,Free Practice 1
1620455690,08/05/21 6:34,18.1111,20,70,1014.6,2.12187,178,-1,Location 4,Free Practice 1
1620455756,08/05/21 6:35,18.1667,20,70,1014.63,3.1828,151,-1,Location 4,Free Practice 1
1620455821,08/05/21 6:37,18.1667,20,70,1014.66,4.24374,152,-1,Location 4,Free Practice 1
1620455885,08/05/21 6:38,18.1667,20.1,70,1014.66,1.06093,167,-1,Location 4,Free Practice 1
1620455946,08/05/21 6:39,18.1667,20.1,70,1014.66,4.24374,180,-1,Location 4,Free Practice 1
1620456011,08/05/21 6:40,18.1667,20.1,70,1014.73,2.12187,179,-1,Location 4,Free Practice 1
1620456076,08/05/21 6:41,18.1667,20.2,71,1014.77,2.12187,153,-1,Location 4,Free Practice 1
1620456141,08/05/21 6:42,18.1667,20.2,71,1014.7,6.3656,155,-1,Location 4,Free Practice 1
1620456201,08/05/21 6:43,18.1667,20.2,71,1014.73,4.24374,159,-1,Location 4,Free Practice 1
1620456266,08/05/21 6:44,18.1667,20.2,71,1014.7,3.1828,180,-1,Location 4,Free Practice 1
1620468485,08/05/21 10:08,20.3889,33.2,65,1016.49,2.12187,5,-1,Location 4,Qualifying Group 2
1620468550,08/05/21 10:09,20.3889,33.2,65,1016.59,2.12187,5,-1,Location 4,Qualifying Group 2
1620468615,08/05/21 10:10,20.3889,33.5,65,1016.59,1.06093,5,-1,Location 4,Qualifying Group 2
1620468675,08/05/21 10:11,20.3889,33.6,65,1016.59,1.06093,236,-1,Location 4,Qualifying Group 2
1620469446,08/05/21 10:24,20.1667,34.8,67,1016.8,1.06093,205,-1,Location 4,Qualifying Group 4
1620469507,08/05/21 10:25,20.0556,34.8,68,1016.8,6.3656,166,-1,Location 4,Qualifying Group 4
1620469587,08/05/21 10:26,19.8333,35,68,1016.86,5.30467,171,-1,Location 4,Qualifying Group 4
1620469647,08/05/21 10:27,19.5556,34.9,67,1016.83,5.30467,171,-1,Location 4,Qualifying Group 4
1620469712,08/05/21 10:28,19.3333,35,69,1016.76,1.06093,227,-1,Location 4,Qualifying Group 4
1620469772,08/05/21 10:29,19.1667,35.1,70,1016.86,0,223,-1,Location 4,Qualifying Group 4
1620469837,08/05/21 10:30,19.1111,35.1,71,1016.86,0,223,-1,Location 4,Qualifying Group 4
1620469902,08/05/21 10:31,19.1111,35.3,71,1016.86,1.06093,11,-1,Location 4,Qualifying Group 4
1620469968,08/05/21 10:32,19.1667,35.4,71,1016.86,1.06093,12,-1,Location 4,Qualifying Group 4
1620470032,08/05/21 10:33,19.2222,35.5,70,1016.9,1.06093,273,-1,Location 4,Qualifying Group 4
1620470093,08/05/21 10:34,19.2222,35.6,70,1016.86,1.06093,273,-1,Location 4,Qualifying Group 4
1620470158,08/05/21 10:35,19.2222,35.7,70,1016.9,0,273,-1,Location 4,Qualifying Group 4
1620468996,08/05/21 10:16,20.5556,34.1,65,1016.63,0,76,-1,Location 4,Qualifying Group 3
1620469061,08/05/21 10:17,20.6111,34.2,65,1016.73,0,76,-1,Location 4,Qualifying Group 3
1620469126,08/05/21 10:18,20.6111,34.4,65,1016.73,0,81,-1,Location 4,Qualifying Group 3
1620469191,08/05/21 10:19,20.6667,34.5,66,1016.83,4.24374,143,-1,Location 4,Qualifying Group 3
1624115747,19/06/21 15:15,"1,81,667","30,2",80,"7,75,585","2,12,187",242,-1,Location 5,Free Practice 2
1624115807,19/06/21 15:16,"1,81,667","30,6",79,"7,75,551","1,06,093",171,-1,Location 5,Free Practice 2
1624115872,19/06/21 15:17,"1,82,222","30,6",79,"7,75,483","31,828",38,-1,Location 5,Free Practice 2
1624115938,19/06/21 15:18,"1,82,778","30,8",79,"7,75,517","2,12,187",190,-1,Location 5,Free Practice 2
1624116002,19/06/21 15:20,"1,83,333","31,2",79,"7,75,551","4,24,374",100,-1,Location 5,Free Practice 2
1624116063,19/06/21 15:21,"1,83,889","31,4",78,"7,75,551","31,828",250,-1,Location 5,Free Practice 2
1624116128,19/06/21 15:22,"1,84,444","31,4",78,"7,75,551","1,06,093",248,-1,Location 5,Free Practice 2
1624116193,19/06/21 15:23,"1,84,444","31,8",77,"7,75,585","5,30,467",229,-1,Location 5,Free Practice 2
1624116258,19/06/21 15:24,"1,84,444","32,1",76,"7,75,551","1,06,093",213,-1,Location 5,Free Practice 2
1624116318,19/06/21 15:25,"1,84,444","32,2",77,"7,75,551","4,24,374",237,-1,Location 5,Free Practice 2
1624116383,19/06/21 15:26,"1,84,444","32,6",78,"7,75,551","2,12,187",321,-1,Location 5,Free Practice 2
1624116448,19/06/21 15:27,"18,5","32,8",78,"7,75,551","2,12,187",314,-1,Location 5,Free Practice 2
1624116514,19/06/21 15:28,"1,85,556","33,1",77,"7,75,619","4,24,374",267,-1,Location 5,Free Practice 2
1624116578,19/06/21 15:29,"1,86,111","33,5",78,"7,75,652","4,24,374",236,-1,Location 5,Free Practice 2
1624116639,19/06/21 15:30,"1,86,667","33,5",77,"775,72","31,828",134,-1,Location 5,Free Practice 2
1624116704,19/06/21 15:31,"1,87,222","33,7",76,"7,75,652","2,12,187",132,-1,Location 5,Free Practice 2
1624116769,19/06/21 15:32,"1,87,778","33,8",76,"7,75,652","2,12,187",186,-1,Location 5,Free Practice 2
1624116834,19/06/21 15:33,"1,87,778","34,1",76,"7,75,652","2,12,187",83,-1,Location 5,Free Practice 2
1624116894,19/06/21 15:34,"1,87,778","34,3",76,"7,75,686","2,12,187",116,-1,Location 5,Free Practice 2
1624116959,19/06/21 15:35,"1,87,778","33,8",76,"7,75,686","2,12,187",122,-1,Location 5,Free Practice 2
1624117024,19/06/21 15:37,"1,87,778","33,3",76,"7,75,686","5,30,467",236,-1,Location 5,Free Practice 2
1624117089,19/06/21 15:38,"1,87,778","32,8",77,"7,75,754","2,12,187",196,-1,Location 5,Free Practice 2
1624117149,19/06/21 15:39,"1,87,222","32,3",77,"7,75,754","1,06,093",88,-1,Location 5,Free Practice 2
1624117215,19/06/21 15:40,"1,86,667","32,5",77,"7,75,754",0,82,-1,Location 5,Free Practice 2
1624117280,19/06/21 15:41,"1,86,667","32,6",77,"7,75,652","31,828",244,-1,Location 5,Free Practice 2
1624117344,19/06/21 15:42,"1,86,667","32,2",77,"7,75,788","1,06,093",227,-1,Location 5,Free Practice 2
1624117405,19/06/21 15:43,"1,86,667","32,2",77,"7,75,788","2,12,187",232,-1,Location 5,Free Practice 2
1624117470,19/06/21 15:44,"1,86,111","31,8",78,"7,75,754","31,828",157,-1,Location 5,Free Practice 2
1624122017,19/06/21 17:00,"1,99,444","39,5",72,"7,75,652","5,30,467",232,-1,Location 5,Qualifying Group 1
1624122077,19/06/21 17:01,"1,98,889","39,6",72,"7,75,585","5,30,467",209,-1,Location 5,Qualifying Group 1
1624122142,19/06/21 17:02,"1,98,333","39,4",72,"7,75,619","1,06,093",175,-1,Location 5,Qualifying Group 1
1624122207,19/06/21 17:03,"1,97,222","39,1",72,"7,75,551","1,06,093",175,-1,Location 5,Qualifying Group 1
1624107619,19/06/21 13:00,"1,38,889","16,2",95,"7,74,636",0,97,-1,Location 5,Free Practice 1
1624107680,19/06/21 13:01,"1,38,889","16,3",95,"7,74,569",0,95,-1,Location 5,Free Practice 1
1624107745,19/06/21 13:02,"1,39,444","16,3",95,"7,74,603",0,91,-1,Location 5,Free Practice 1
1624107810,19/06/21 13:03,"1,39,444","16,2",95,"7,74,535",0,91,-1,Location 5,Free Practice 1
1624107875,19/06/21 13:04,"1,39,444","16,1",95,"7,74,535",0,82,-1,Location 5,Free Practice 1
1624107935,19/06/21 13:05,"1,39,444",16,94,"7,74,467",0,82,-1,Location 5,Free Practice 1
1624108000,19/06/21 13:06,"1,39,444","16,2",94,"7,74,603",0,82,-1,Location 5,Free Practice 1
1624108065,19/06/21 13:07,14,"16,2",94,"774,67",0,82,-1,Location 5,Free Practice 1
1624108131,19/06/21 13:08,"1,40,556","16,3",94,"774,67",0,82,-1,Location 5,Free Practice 1
1624108195,19/06/21 13:09,"1,40,556","16,3",94,"7,74,603",0,82,-1,Location 5,Free Practice 1
1624108256,19/06/21 13:10,"1,40,556","16,3",94,"774,67",0,82,-1,Location 5,Free Practice 1
1624108321,19/06/21 13:12,"1,40,556","16,4",94,"7,74,636",0,79,-1,Location 5,Free Practice 1
1624108386,19/06/21 13:13,"1,41,111","16,5",94,"774,67",0,79,-1,Location 5,Free Practice 1
1624108451,19/06/21 13:14,"1,41,667","16,5",94,"7,74,636",0,79,-1,Location 5,Free Practice 1
1624108511,19/06/21 13:15,"1,41,667","16,6",94,"7,74,704",0,79,-1,Location 5,Free Practice 1
1624108576,19/06/21 13:16,"1,42,222","16,7",94,"7,74,704",0,79,-1,Location 5,Free Practice 1
1624108641,19/06/21 13:17,"1,42,222","16,8",93,"7,74,704",0,79,-1,Location 5,Free Practice 1
1624108706,19/06/21 13:18,"1,42,222",17,93,"774,67","31,828",79,-1,Location 5,Free Practice 1
1624108766,19/06/21 13:19,"1,42,222",17,93,"774,67","31,828",79,-1,Location 5,Free Practice 1
1624108832,19/06/21 13:20,"1,42,778","17,1",93,"7,74,772","1,06,093",79,-1,Location 5,Free Practice 1
1624108897,19/06/21 13:21,"1,42,778","17,2",93,"7,74,738","31,828",76,-1,Location 5,Free Practice 1
1624108961,19/06/21 13:22,"1,42,778","17,2",93,"7,74,738","31,828",76,-1,Location 5,Free Practice 1
1624109022,19/06/21 13:23,"1,43,333","17,2",93,"7,74,772","2,12,187",76,-1,Location 5,Free Practice 1
1624109087,19/06/21 13:24,"1,43,333","17,4",93,"7,74,738","2,12,187",62,-1,Location 5,Free Practice 1
1624109152,19/06/21 13:25,"1,43,333","17,4",92,"7,74,806","1,06,093",62,-1,Location 5,Free Practice 1
1624109217,19/06/21 13:26,"1,43,889","17,5",92,"7,74,907",0,62,-1,Location 5,Free Practice 1
1624109277,19/06/21 13:27,"1,43,889","17,5",92,"7,74,806","1,06,093",62,-1,Location 5,Free Practice 1
1624109342,19/06/21 13:29,"1,44,444","17,5",92,"7,74,874","2,12,187",62,-1,Location 5,Free Practice 1
1624109408,19/06/21 13:30,"14,5","17,5",92,"7,74,874",0,62,-1,Location 5,Free Practice 1
1624109473,19/06/21 13:31,"14,5","17,5",92,"7,74,975","1,06,093",62,-1,Location 5,Free Practice 1
1624109537,19/06/21 13:32,"1,45,556","17,6",92,"7,74,941",0,62,-1,Location 5,Free Practice 1
1624109598,19/06/21 13:33,"1,45,556","17,7",92,"7,74,941","2,12,187",62,-1,Location 5,Free Practice 1
1624109663,19/06/21 13:34,"1,46,111","17,7",92,"7,74,874","2,12,187",62,-1,Location 5,Free Practice 1
1624109728,19/06/21 13:35,"1,45,556","17,7",91,"7,74,907",0,62,-1,Location 5,Free Practice 1
1624109793,19/06/21 13:36,"1,46,111","17,8",91,"7,74,941",0,62,-1,Location 5,Free Practice 1
1624109853,19/06/21 13:37,"1,46,667","17,9",91,"7,74,941",0,62,-1,Location 5,Free Practice 1
1624109918,19/06/21 13:38,"1,46,667",18,91,"7,74,941",0,62,-1,Location 5,Free Practice 1
1624109983,19/06/21 13:39,"1,46,667",18,91,"7,74,907",0,62,-1,Location 5,Free Practice 1
1624110048,19/06/21 13:40,"1,47,222","18,1",91,"7,74,941","1,06,093",62,-1,Location 5,Free Practice 1
1624110109,19/06/21 13:41,"1,47,222","18,1",91,"7,74,975",0,62,-1,Location 5,Free Practice 1
1624110174,19/06/21 13:42,"1,47,778","17,9",92,"7,75,009",0,62,-1,Location 5,Free Practice 1
1624110239,19/06/21 13:43,"1,48,333","17,9",91,"7,74,941",0,62,-1,Location 5,Free Practice 1
1624110303,19/06/21 13:45,"1,48,333","17,8",91,"7,75,009",0,62,-1,Location 5,Free Practice 1
1624110374,19/06/21 13:46,"1,48,333","17,8",91,"7,75,077",0,62,-1,Location 5,Free Practice 1
1624110439,19/06/21 13:47,"1,48,889","17,8",91,"7,75,009",0,62,-1,Location 5,Free Practice 1
1624110504,19/06/21 13:48,"1,49,444","17,8",91,"7,75,043","2,12,187",62,-1,Location 5,Free Practice 1
1624110569,19/06/21 13:49,"1,49,444","17,7",91,"7,75,111","2,12,187",62,-1,Location 5,Free Practice 1
1624110634,19/06/21 13:50,15,"17,8",90,"7,75,111","1,06,093",62,-1,Location 5,Free Practice 1
1624110694,19/06/21 13:51,15,"17,8",91,"7,75,111","31,828",110,-1,Location 5,Free Practice 1
1624110760,19/06/21 13:52,"1,50,556","17,7",90,"7,75,144","1,06,093",102,-1,Location 5,Free Practice 1
1624110825,19/06/21 13:53,"1,51,111","17,7",91,"7,75,178","4,24,374",92,-1,Location 5,Free Practice 1
1624110889,19/06/21 13:54,"1,51,111","17,7",90,"7,75,246","2,12,187",79,-1,Location 5,Free Practice 1
1624110950,19/06/21 13:55,"1,51,667","17,7",90,"7,75,212","1,06,093",89,-1,Location 5,Free Practice 1
1624111015,19/06/21 13:56,"1,52,222","17,7",90,"7,75,246","31,828",96,-1,Location 5,Free Practice 1
1624111080,19/06/21 13:58,"1,52,222","17,7",90,"7,75,314","31,828",86,-1,Location 5,Free Practice 1
1624111145,19/06/21 13:59,"1,52,222","17,7",89,"775,28","2,12,187",107,-1,Location 5,Free Practice 1
1624122532,19/06/21 17:08,"1,98,889","38,7",72,"7,75,551","5,30,467",211,-1,Location 5,Qualifying Group 2
1624122593,19/06/21 17:09,"1,99,444","38,5",72,"7,75,551","31,828",246,-1,Location 5,Qualifying Group 2
1624122658,19/06/21 17:10,"1,99,444","38,4",72,"7,75,483","5,30,467",237,-1,Location 5,Qualifying Group 2
1624123504,19/06/21 17:25,20,"42,9",71,"7,75,314","31,828",190,-1,Location 5,Qualifying Group 4
1624123564,19/06/21 17:26,"2,01,111","43,8",72,"7,75,314","7,42,654",273,-1,Location 5,Qualifying Group 4
1624123630,19/06/21 17:27,"2,02,778","44,1",72,"7,75,314","63,656",206,-1,Location 5,Qualifying Group 4
1624122978,19/06/21 17:16,"1,97,778",39,73,"7,75,551","63,656",230,-1,Location 5,Qualifying Group 3
1624123043,19/06/21 17:17,"1,97,222","39,7",72,"7,75,449","4,24,374",223,-1,Location 5,Qualifying Group 3
1624123104,19/06/21 17:18,"1,96,667","40,4",72,"7,75,415","4,24,374",233,-1,Location 5,Qualifying Group 3
1624123169,19/06/21 17:19,"1,96,667","40,6",73,"7,75,314","5,30,467",205,-1,Location 5,Qualifying Group 3
1619248532,24/04/21 7:15,13.3889,14.5,81,998.612,1.06093,61,-1,Location 3,Free Practice 2
1619248592,24/04/21 7:16,13.3889,14.5,81,998.612,1.06093,61,-1,Location 3,Free Practice 2
1619248657,24/04/21 7:17,13.4444,14.5,81,998.578,0,61,-1,Location 3,Free Practice 2
1619248722,24/04/21 7:18,13.4444,14.5,81,998.544,0,46,-1,Location 3,Free Practice 2
1619248787,24/04/21 7:19,13.4444,14.5,81,998.578,1.06093,319,-1,Location 3,Free Practice 2
1619248847,24/04/21 7:20,13.4444,14.6,81,998.578,2.12187,319,-1,Location 3,Free Practice 2
1619248913,24/04/21 7:21,13.5,14.6,81,998.443,1.06093,319,-1,Location 3,Free Practice 2
1619248978,24/04/21 7:22,13.5,14.6,81,998.511,2.12187,298,-1,Location 3,Free Practice 2
1619249042,24/04/21 7:24,13.5,14.6,81,998.544,2.12187,298,-1,Location 3,Free Practice 2
1619249103,24/04/21 7:25,13.5556,14.7,81,998.511,0,298,-1,Location 3,Free Practice 2
1619249168,24/04/21 7:26,13.5556,14.7,80,998.511,1.06093,298,-1,Location 3,Free Practice 2
1619249233,24/04/21 7:27,13.6111,14.7,80,998.544,0,298,-1,Location 3,Free Practice 2
1619249298,24/04/21 7:28,13.6111,14.7,80,998.612,0,298,-1,Location 3,Free Practice 2
1619249358,24/04/21 7:29,13.6111,14.8,80,998.612,0,336,-1,Location 3,Free Practice 2
1619249423,24/04/21 7:30,13.6111,14.8,80,998.578,0,336,-1,Location 3,Free Practice 2
1619249489,24/04/21 7:31,13.6667,14.8,80,998.544,1.06093,336,-1,Location 3,Free Practice 2
1619249554,24/04/21 7:32,13.6667,14.8,81,998.578,0,336,-1,Location 3,Free Practice 2
1619249618,24/04/21 7:33,13.6667,14.8,81,998.544,2.12187,336,-1,Location 3,Free Practice 2
1619249679,24/04/21 7:34,13.6667,14.8,80,998.511,1.06093,336,-1,Location 3,Free Practice 2
1619249744,24/04/21 7:35,13.6667,14.9,80,998.544,1.06093,340,-1,Location 3,Free Practice 2
1619249809,24/04/21 7:36,13.7222,14.9,80,998.409,2.12187,16,-1,Location 3,Free Practice 2
1619249874,24/04/21 7:37,13.6667,14.9,80,998.443,1.06093,19,-1,Location 3,Free Practice 2
1619249935,24/04/21 7:38,13.6667,15,80,998.409,2.12187,19,-1,Location 3,Free Practice 2
1619249999,24/04/21 7:39,13.6667,15,80,998.443,1.06093,20,-1,Location 3,Free Practice 2
1619250064,24/04/21 7:41,13.6667,15.1,80,998.409,2.12187,39,-1,Location 3,Free Practice 2
1619250129,24/04/21 7:42,13.6667,15.1,80,998.375,1.06093,39,-1,Location 3,Free Practice 2
1619250190,24/04/21 7:43,13.6667,15.1,80,998.443,0,44,-1,Location 3,Free Practice 2
1619250255,24/04/21 7:44,13.6667,15.2,80,998.375,2.12187,5,-1,Location 3,Free Practice 2
1619254802,24/04/21 9:00,14.4444,15.5,79,998.172,0,28,-1,Location 3,Qualifying Group 1
1619254867,24/04/21 9:01,14.3889,15.5,79,998.07,0,28,-1,Location 3,Qualifying Group 1
1619254932,24/04/21 9:02,14.3889,15.5,79,998.138,0,28,-1,Location 3,Qualifying Group 1
1619254997,24/04/21 9:03,14.3889,15.5,79,998.104,0,28,-1,Location 3,Qualifying Group 1
1619241616,24/04/21 5:20,12.7222,14.2,86,997.563,0,34,-1,Location 3,Free Practice 1
1619241682,24/04/21 5:21,12.7222,14.2,86,997.664,0,34,-1,Location 3,Free Practice 1
1619241746,24/04/21 5:22,12.7222,14.2,86,997.63,0,34,-1,Location 3,Free Practice 1
1619241807,24/04/21 5:23,12.7222,14.2,86,997.698,2.12187,26,-1,Location 3,Free Practice 1
1619241872,24/04/21 5:24,12.7778,14.2,86,997.664,1.06093,26,-1,Location 3,Free Practice 1
1619241937,24/04/21 5:25,12.7778,14.2,86,997.732,0,19,-1,Location 3,Free Practice 1
1619242002,24/04/21 5:26,12.7778,14.2,86,997.732,0,5,-1,Location 3,Free Practice 1
1619242062,24/04/21 5:27,12.7778,14.2,86,997.833,0,5,-1,Location 3,Free Practice 1
1619242127,24/04/21 5:28,12.8333,14.2,86,997.867,1.06093,5,-1,Location 3,Free Practice 1
1619242192,24/04/21 5:29,12.8333,14.2,86,997.833,0,5,-1,Location 3,Free Practice 1
1619242257,24/04/21 5:30,12.8333,14.2,86,997.901,1.06093,5,-1,Location 3,Free Practice 1
1619242317,24/04/21 5:31,12.8889,14.2,86,997.935,0,5,-1,Location 3,Free Practice 1
1619242383,24/04/21 5:33,12.8889,14.2,86,998.003,2.12187,5,-1,Location 3,Free Practice 1
1619242448,24/04/21 5:34,12.9444,14.2,86,998.037,0,5,-1,Location 3,Free Practice 1
1619242512,24/04/21 5:35,12.9444,14.2,86,998.003,1.06093,355,-1,Location 3,Free Practice 1
1619242573,24/04/21 5:36,12.9444,14.2,85,998.138,0,355,-1,Location 3,Free Practice 1
1619242638,24/04/21 5:37,12.9444,14.2,85,998.037,0,355,-1,Location 3,Free Practice 1
1619242703,24/04/21 5:38,13,14.2,85,998.07,1.06093,355,-1,Location 3,Free Practice 1
1619242768,24/04/21 5:39,13,14.2,85,998.037,1.06093,355,-1,Location 3,Free Practice 1
1619242833,24/04/21 5:40,13,14.2,85,998.172,1.06093,355,-1,Location 3,Free Practice 1
1619242893,24/04/21 5:41,13,14.2,85,998.07,0,355,-1,Location 3,Free Practice 1
1619242958,24/04/21 5:42,13,14.2,84,998.172,0,355,-1,Location 3,Free Practice 1
1619243024,24/04/21 5:43,13,14.2,84,998.138,0,355,-1,Location 3,Free Practice 1
1619243088,24/04/21 5:44,13,14.2,84,998.104,0,355,-1,Location 3,Free Practice 1
1619243149,24/04/21 5:45,13,14.2,84,998.037,0,355,-1,Location 3,Free Practice 1
1619243214,24/04/21 5:46,13,14.2,84,998.104,1.06093,355,-1,Location 3,Free Practice 1
1619243279,24/04/21 5:47,13,14.2,84,998.104,1.06093,9,-1,Location 3,Free Practice 1
1619243344,24/04/21 5:49,13,14.3,83,998.104,0,5,-1,Location 3,Free Practice 1
1619243404,24/04/21 5:50,13.0556,14.3,83,998.104,2.12187,34,-1,Location 3,Free Practice 1
1619243469,24/04/21 5:51,13.0556,14.2,83,998.138,0,34,-1,Location 3,Free Practice 1
1619243534,24/04/21 5:52,13.0556,14.3,82,998.104,1.06093,347,-1,Location 3,Free Practice 1
1619243599,24/04/21 5:53,13.0556,14.2,82,998.104,1.06093,347,-1,Location 3,Free Practice 1
1619243659,24/04/21 5:54,13.0556,14.3,82,998.104,1.06093,48,-1,Location 3,Free Practice 1
1619243725,24/04/21 5:55,13.1111,14.3,83,998.104,1.06093,41,-1,Location 3,Free Practice 1
1619243790,24/04/21 5:56,13.1111,14.3,82,998.172,1.06093,41,-1,Location 3,Free Practice 1
1619243855,24/04/21 5:57,13.1111,14.3,82,998.172,1.06093,41,-1,Location 3,Free Practice 1
1619243930,24/04/21 5:58,13.1111,14.3,82,998.24,0,41,-1,Location 3,Free Practice 1
1619243990,24/04/21 5:59,13.1111,14.3,82,998.24,1.06093,41,-1,Location 3,Free Practice 1
1619244055,24/04/21 6:00,13.1111,14.3,82,998.274,1.06093,41,-1,Location 3,Free Practice 1
1619244120,24/04/21 6:02,13.1667,14.3,82,998.307,3.1828,31,-1,Location 3,Free Practice 1
1619244185,24/04/21 6:03,13.1667,14.3,82,998.409,1.06093,355,-1,Location 3,Free Practice 1
1619244245,24/04/21 6:04,13.1667,14.3,82,998.443,2.12187,337,-1,Location 3,Free Practice 1
1619255317,24/04/21 9:08,14.3889,15.5,79,998.138,2.12187,28,-1,Location 3,Qualifying Group 2
1619255388,24/04/21 9:09,14.3889,15.5,79,998.104,1.06093,28,-1,Location 3,Qualifying Group 2
1619255453,24/04/21 9:10,14.3889,15.4,79,998.138,2.12187,30,-1,Location 3,Qualifying Group 2
1619255518,24/04/21 9:11,14.3889,15.4,79,998.138,1.06093,30,-1,Location 3,Qualifying Group 2
1619256284,24/04/21 9:24,14.5556,15.5,78,998.138,3.1828,31,-1,Location 3,Qualifying Group 4
1619256349,24/04/21 9:25,14.5556,15.5,78,998.206,3.1828,62,-1,Location 3,Qualifying Group 4
1619256414,24/04/21 9:26,14.5556,15.5,78,998.172,1.06093,62,-1,Location 3,Qualifying Group 4
1619256474,24/04/21 9:27,14.5556,15.5,78,998.172,1.06093,54,-1,Location 3,Qualifying Group 4
1619255773,24/04/21 9:16,14.3889,15.5,80,998.24,0,30,-1,Location 3,Qualifying Group 3
1619255838,24/04/21 9:17,14.4444,15.5,80,998.24,0,30,-1,Location 3,Qualifying Group 3
1619255903,24/04/21 9:18,14.4444,15.5,80,998.206,0,30,-1,Location 3,Qualifying Group 3
1619255963,24/04/21 9:19,14.4444,15.5,80,998.274,0,30,-1,Location 3,Qualifying Group 3
1614337244,26/02/21 11:00,20.6667,34.4,34,937.386,4.24374,315,-1,Location 1,Free Practice 2
1614337309,26/02/21 11:01,20.6667,34.4,33,937.352,1.06093,310,-1,Location 1,Free Practice 2
1614337374,26/02/21 11:02,20.6667,34.6,33,937.285,1.06093,293,-1,Location 1,Free Practice 2
1614337439,26/02/21 11:03,20.7222,34.7,34,937.285,6.3656,283,-1,Location 1,Free Practice 2
1614337499,26/02/21 11:04,20.7222,34.7,34,937.352,9.54841,309,-1,Location 1,Free Practice 2
1614337564,26/02/21 11:06,20.7778,34.5,34,937.319,3.1828,267,-1,Location 1,Free Practice 2
1614337629,26/02/21 11:07,20.8333,33.8,34,937.285,3.1828,298,-1,Location 1,Free Practice 2
1614337694,26/02/21 11:08,20.8889,33.5,34,937.251,4.24374,322,-1,Location 1,Free Practice 2
1614337754,26/02/21 11:09,20.9444,33.5,34,937.251,5.30467,252,-1,Location 1,Free Practice 2
1614337819,26/02/21 11:10,21,33.7,34,937.217,3.1828,311,-1,Location 1,Free Practice 2
1614337885,26/02/21 11:11,21.0556,33.9,34,937.183,3.1828,325,-1,Location 1,Free Practice 2
1614337949,26/02/21 11:12,21.0556,34,34,937.217,3.1828,282,-1,Location 1,Free Practice 2
1614338010,26/02/21 11:13,20.9444,33.9,34,937.183,3.1828,287,-1,Location 1,Free Practice 2
1614338075,26/02/21 11:14,20.8333,33.9,34,937.183,4.24374,277,-1,Location 1,Free Practice 2
1614338140,26/02/21 11:15,20.7778,34,35,937.183,5.30467,311,-1,Location 1,Free Practice 2
1614338205,26/02/21 11:16,20.7778,34,35,937.251,4.24374,271,-1,Location 1,Free Practice 2
1614338265,26/02/21 11:17,20.7222,34,35,937.285,1.06093,274,-1,Location 1,Free Practice 2
1614338330,26/02/21 11:18,20.7778,34,35,937.251,5.30467,302,-1,Location 1,Free Practice 2
1614338395,26/02/21 11:19,20.7778,34,35,937.285,5.30467,288,-1,Location 1,Free Practice 2
1614338460,26/02/21 11:21,20.7778,34,34,937.285,2.12187,259,-1,Location 1,Free Practice 2
1614338520,26/02/21 11:22,20.7778,34,35,937.251,3.1828,288,-1,Location 1,Free Practice 2
1614338586,26/02/21 11:23,20.8333,34.2,35,937.115,5.30467,333,-1,Location 1,Free Practice 2
1614338651,26/02/21 11:24,20.8333,34.2,35,937.183,2.12187,281,-1,Location 1,Free Practice 2
1614338716,26/02/21 11:25,20.8889,34.3,35,937.149,2.12187,323,-1,Location 1,Free Practice 2
1614338781,26/02/21 11:26,20.9444,34.1,35,937.183,2.12187,306,-1,Location 1,Free Practice 2
1614338841,26/02/21 11:27,21,34.1,35,937.183,1.06093,281,-1,Location 1,Free Practice 2
1614338906,26/02/21 11:28,21.0556,33.4,34,937.183,3.1828,281,-1,Location 1,Free Practice 2
1614338971,26/02/21 11:29,21.1111,33.3,34,937.149,1.06093,285,-1,Location 1,Free Practice 2
1614344404,26/02/21 13:00,21.6667,28.5,33,937.285,4.24374,332,-1,Location 1,Qualifying Group 1
1614344465,26/02/21 13:01,21.7222,28.4,33,937.285,2.12187,317,-1,Location 1,Qualifying Group 1
1614344530,26/02/21 13:02,21.7222,28.2,33,937.285,3.1828,317,-1,Location 1,Qualifying Group 1
1614344595,26/02/21 13:03,21.7778,28.1,33,937.251,4.24374,334,-1,Location 1,Qualifying Group 1
1614266119,25/02/21 15:15,17.8333,20.2,45,936.845,8.48747,318,-1,Location 1,Free Practice 1
1614266180,25/02/21 15:16,17.7778,20.2,45,936.777,5.30467,314,-1,Location 1,Free Practice 1
1614266244,25/02/21 15:17,17.7778,20.1,45,936.709,2.12187,330,-1,Location 1,Free Practice 1
1614266310,25/02/21 15:18,17.7778,20.1,45,936.777,6.3656,315,-1,Location 1,Free Practice 1
1614266375,25/02/21 15:19,17.7222,20,45,936.811,5.30467,313,-1,Location 1,Free Practice 1
1614266440,25/02/21 15:20,17.7222,20,45,936.845,3.1828,298,-1,Location 1,Free Practice 1
1614266505,25/02/21 15:21,17.7222,20,45,936.845,3.1828,297,-1,Location 1,Free Practice 1
1614266569,25/02/21 15:22,17.7222,20,45,936.845,6.3656,284,-1,Location 1,Free Practice 1
1614266630,25/02/21 15:23,17.7222,20,45,936.845,6.3656,319,-1,Location 1,Free Practice 1
1614266695,25/02/21 15:24,17.6667,19.9,45,936.845,3.1828,281,-1,Location 1,Free Practice 1
1614266760,25/02/21 15:26,17.6667,19.8,45,936.777,7.42654,300,-1,Location 1,Free Practice 1
1614266825,25/02/21 15:27,17.6667,19.8,45,936.811,9.54841,275,-1,Location 1,Free Practice 1
1614266885,25/02/21 15:28,17.6667,19.8,45,936.743,5.30467,307,-1,Location 1,Free Practice 1
1614266950,25/02/21 15:29,17.6667,19.8,45,936.878,2.12187,296,-1,Location 1,Free Practice 1
1614267011,25/02/21 15:30,17.6667,19.7,45,936.878,5.30467,321,-1,Location 1,Free Practice 1
1614267076,25/02/21 15:31,17.6111,19.7,45,936.912,3.1828,344,-1,Location 1,Free Practice 1
1614267141,25/02/21 15:32,17.6111,19.6,45,936.878,6.3656,347,-1,Location 1,Free Practice 1
1614267206,25/02/21 15:33,17.6111,19.6,45,936.912,4.24374,329,-1,Location 1,Free Practice 1
1614267271,25/02/21 15:34,17.5556,19.6,45,936.912,3.1828,319,-1,Location 1,Free Practice 1
1614267336,25/02/21 15:35,17.5556,19.6,45,936.912,4.24374,294,-1,Location 1,Free Practice 1
1614267401,25/02/21 15:36,17.5556,19.6,45,937.014,8.48747,320,-1,Location 1,Free Practice 1
1614267461,25/02/21 15:37,17.5556,19.5,45,937.014,3.1828,287,-1,Location 1,Free Practice 1
1614267526,25/02/21 15:38,17.5556,19.5,45,937.048,4.24374,350,-1,Location 1,Free Practice 1
1614267592,25/02/21 15:39,17.5,19.5,45,937.014,5.30467,243,-1,Location 1,Free Practice 1
1614267656,25/02/21 15:40,17.5,19.5,45,936.912,3.1828,317,-1,Location 1,Free Practice 1
1614267717,25/02/21 15:41,17.5,19.5,45,936.98,10.6093,267,-1,Location 1,Free Practice 1
1614267782,25/02/21 15:43,17.4444,19.4,45,936.946,5.30467,326,-1,Location 1,Free Practice 1
1614267847,25/02/21 15:44,17.4444,19.4,45,936.98,2.12187,295,-1,Location 1,Free Practice 1
1614267912,25/02/21 15:45,17.4444,19.4,45,937.048,4.24374,342,-1,Location 1,Free Practice 1
1614267972,25/02/21 15:46,17.4444,19.3,45,937.048,1.06093,310,-1,Location 1,Free Practice 1
1614268037,25/02/21 15:47,17.3889,19.3,45,937.149,5.30467,328,-1,Location 1,Free Practice 1
1614268102,25/02/21 15:48,17.3889,19.3,45,937.183,8.48747,282,-1,Location 1,Free Practice 1
1614268167,25/02/21 15:49,17.3889,19.2,45,937.217,4.24374,314,-1,Location 1,Free Practice 1
1614268232,25/02/21 15:50,17.3889,19.2,45,937.319,3.1828,326,-1,Location 1,Free Practice 1
1614268293,25/02/21 15:51,17.3333,19.2,45,937.386,6.3656,314,-1,Location 1,Free Practice 1
1614268358,25/02/21 15:52,17.3333,19.1,45,937.319,2.12187,298,-1,Location 1,Free Practice 1
1614268423,25/02/21 15:53,17.3333,19.1,45,937.42,2.12187,297,-1,Location 1,Free Practice 1
1614268487,25/02/21 15:54,17.2778,19.1,45,937.454,4.24374,312,-1,Location 1,Free Practice 1
1614268548,25/02/21 15:55,17.2778,19.1,45,937.454,4.24374,300,-1,Location 1,Free Practice 1
1614268613,25/02/21 15:56,17.2778,19,45,937.42,1.06093,295,-1,Location 1,Free Practice 1
1614268678,25/02/21 15:57,17.2778,19,45,937.454,4.24374,263,-1,Location 1,Free Practice 1
1614268743,25/02/21 15:59,17.2778,19,45,937.454,4.24374,285,-1,Location 1,Free Practice 1
1614344915,26/02/21 13:08,21.8889,27.6,33,937.319,1.06093,319,-1,Location 1,Qualifying Group 2
1614344975,26/02/21 13:09,21.8889,27.4,33,937.217,2.12187,343,-1,Location 1,Qualifying Group 2
1614345041,26/02/21 13:10,21.8889,27.4,33,937.251,3.1828,318,-1,Location 1,Qualifying Group 2
1614345106,26/02/21 13:11,21.8889,27.3,33,937.285,1.06093,298,-1,Location 1,Qualifying Group 2
1614345872,26/02/21 13:24,21.6111,26.2,33,937.285,2.12187,272,-1,Location 1,Qualifying Group 4
1614345937,26/02/21 13:25,21.6111,26.1,33,937.251,0,272,-1,Location 1,Qualifying Group 4
1614346002,26/02/21 13:26,21.5556,26.1,33,937.217,2.12187,306,-1,Location 1,Qualifying Group 4
1614346062,26/02/21 13:27,21.6111,26,33,937.217,4.24374,331,-1,Location 1,Qualifying Group 4
1614345361,26/02/21 13:16,21.8889,26.9,33,937.251,6.3656,319,-1,Location 1,Qualifying Group 3
1614345426,26/02/21 13:17,21.8889,26.7,33,937.285,3.1828,288,-1,Location 1,Qualifying Group 3
1614345491,26/02/21 13:18,21.8889,26.7,33,937.285,3.1828,284,-1,Location 1,Qualifying Group 3
1614345551,26/02/21 13:19,21.8333,26.6,33,937.352,7.42654,303,-1,Location 1,Qualifying Group 3
1625926519,10/07/21 14:15,"2,46,667","30,1",77,"1011,89","5,30,467",22,-1,Location 6,Free Practice 2
1625926584,10/07/21 14:16,"2,46,667","30,3",78,"1011,89","5,30,467",5,-1,Location 6,Free Practice 2
1625926649,10/07/21 14:17,"2,46,667","30,3",77,"1011,89","4,24,374",5,-1,Location 6,Free Practice 2
1625926714,10/07/21 14:18,"2,46,667","30,2",77,"1011,92","4,24,374",21,-1,Location 6,Free Practice 2
1625926774,10/07/21 14:19,"2,46,111","30,2",77,"1011,95","5,30,467",350,-1,Location 6,Free Practice 2
1625926839,10/07/21 14:20,"2,46,111","30,2",77,"1011,89","4,24,374",360,-1,Location 6,Free Practice 2
1625926904,10/07/21 14:21,"2,45,556","30,2",78,"1011,95","5,30,467",19,-1,Location 6,Free Practice 2
1625926969,10/07/21 14:22,"2,45,556","30,3",78,"1011,92","4,24,374",326,-1,Location 6,Free Practice 2
1625927030,10/07/21 14:23,"2,46,111","30,2",78,"1011,95","4,24,374",360,-1,Location 6,Free Practice 2
1625927095,10/07/21 14:24,"2,46,667","30,2",78,"1011,92","63,656",24,-1,Location 6,Free Practice 2
1625927160,10/07/21 14:26,"2,47,222","30,2",77,"1011,85","5,30,467",5,-1,Location 6,Free Practice 2
1625927225,10/07/21 14:27,"2,47,778","30,2",77,"1011,85","2,12,187",22,-1,Location 6,Free Practice 2
1625927290,10/07/21 14:28,"2,48,333","30,4",77,"1011,85","31,828",5,-1,Location 6,Free Practice 2
1625927350,10/07/21 14:29,"2,48,333","30,4",77,"1011,79","5,30,467",34,-1,Location 6,Free Practice 2
1625927415,10/07/21 14:30,"2,48,889","30,4",77,"1011,85","4,24,374",348,-1,Location 6,Free Practice 2
1625927480,10/07/21 14:31,"2,49,444","30,5",77,"1011,82","5,30,467",349,-1,Location 6,Free Practice 2
1625927545,10/07/21 14:32,25,"30,6",77,"1011,85","5,30,467",11,-1,Location 6,Free Practice 2
1625927605,10/07/21 14:33,25,"30,6",76,"1011,82","4,24,374",21,-1,Location 6,Free Practice 2
1625927671,10/07/21 14:34,"2,50,556","30,7",76,"1011,79","7,42,654",9,-1,Location 6,Free Practice 2
1625927736,10/07/21 14:35,"2,51,111","30,7",76,"1011,79","7,42,654",13,-1,Location 6,Free Practice 2
1625927800,10/07/21 14:36,"2,50,556","30,7",76,"1011,85","4,24,374",355,-1,Location 6,Free Practice 2
1625927861,10/07/21 14:37,"2,50,556","30,9",76,"1011,82","63,656",350,-1,Location 6,Free Practice 2
1625927926,10/07/21 14:38,"2,50,556",31,76,"1011,85","5,30,467",5,-1,Location 6,Free Practice 2
1625927991,10/07/21 14:39,"2,51,111","31,1",76,"1011,79","1,27,312",13,-1,Location 6,Free Practice 2
1625928056,10/07/21 14:40,"2,50,556","31,2",76,"1011,85","5,30,467",5,-1,Location 6,Free Practice 2
1625928116,10/07/21 14:41,"2,50,556","31,2",76,"1011,79","4,24,374",360,-1,Location 6,Free Practice 2
1625928181,10/07/21 14:43,"2,50,556","31,2",76,"1011,85","4,24,374",355,-1,Location 6,Free Practice 2
1625928247,10/07/21 14:44,"2,51,111","31,2",76,"1011,85","4,24,374",340,-1,Location 6,Free Practice 2
1625934636,10/07/21 16:30,"2,53,333","34,8",76,"1012,8","2,12,187",11,-1,Location 6,Qualifying Group 1
1625934701,10/07/21 16:31,"2,53,333","34,9",76,"1012,84","31,828",346,-1,Location 6,Qualifying Group 1
1625934762,10/07/21 16:32,"2,52,778","34,9",76,"1012,87","5,30,467",12,-1,Location 6,Qualifying Group 1
1625934827,10/07/21 16:33,"2,52,778","34,9",76,"1012,8","31,828",13,-1,Location 6,Qualifying Group 1
1625918406,10/07/21 12:00,"2,33,333","24,9",81,"1011,11","4,24,374",311,-1,Location 6,Free Practice 1
1625918466,10/07/21 12:01,"2,33,333",25,81,"1011,01","5,30,467",331,-1,Location 6,Free Practice 1
1625918532,10/07/21 12:02,"2,33,333","25,1",81,"1011,01","2,12,187",9,-1,Location 6,Free Practice 1
1625918597,10/07/21 12:03,"2,33,889","25,1",81,"1011,01","5,30,467",338,-1,Location 6,Free Practice 1
1625918661,10/07/21 12:04,"2,34,444","25,1",81,"1011,11","63,656",355,-1,Location 6,Free Practice 1
1625918722,10/07/21 12:05,"2,34,444","25,1",81,"1011,07","31,828",342,-1,Location 6,Free Practice 1
1625918787,10/07/21 12:06,"23,5","25,1",81,"1011,18","1,06,093",5,-1,Location 6,Free Practice 1
1625918852,10/07/21 12:07,"2,35,556","25,1",80,"1011,14","1,06,093",21,-1,Location 6,Free Practice 1
1625918917,10/07/21 12:08,"2,35,556","25,1",81,"1011,14","1,06,093",347,-1,Location 6,Free Practice 1
1625918977,10/07/21 12:09,"2,36,667","25,1",81,"1011,21","31,828",330,-1,Location 6,Free Practice 1
1625919042,10/07/21 12:10,"2,37,222","25,2",81,"1011,28","63,656",355,-1,Location 6,Free Practice 1
1625919107,10/07/21 12:11,"2,37,778","25,2",80,"1011,21","5,30,467",333,-1,Location 6,Free Practice 1
1625919172,10/07/21 12:12,"2,37,778","25,2",80,"1011,24","4,24,374",329,-1,Location 6,Free Practice 1
1625919233,10/07/21 12:13,"2,38,333","25,2",80,"1011,24","2,12,187",5,-1,Location 6,Free Practice 1
1625919298,10/07/21 12:14,"2,38,889","25,2",80,"1011,31","2,12,187",355,-1,Location 6,Free Practice 1
1625919363,10/07/21 12:16,24,"25,2",80,"1011,28","31,828",13,-1,Location 6,Free Practice 1
1625919428,10/07/21 12:17,"2,40,556","25,2",79,"1011,35","4,24,374",11,-1,Location 6,Free Practice 1
1625919493,10/07/21 12:18,"2,41,111","25,3",79,"1011,24","31,828",21,-1,Location 6,Free Practice 1
1625919553,10/07/21 12:19,"2,41,111","25,3",79,"1011,31","31,828",32,-1,Location 6,Free Practice 1
1625919618,10/07/21 12:20,"2,41,111","25,4",79,"1011,35","31,828",19,-1,Location 6,Free Practice 1
1625919683,10/07/21 12:21,"2,41,111","25,4",79,"1011,28","31,828",17,-1,Location 6,Free Practice 1
1625919748,10/07/21 12:22,"2,41,111","25,5",79,"1011,31","31,828",342,-1,Location 6,Free Practice 1
1625919808,10/07/21 12:23,"2,41,667","25,5",79,"1011,28","4,24,374",17,-1,Location 6,Free Practice 1
1625919874,10/07/21 12:24,"2,42,222","25,5",79,"1011,24","5,30,467",345,-1,Location 6,Free Practice 1
1625919939,10/07/21 12:25,"2,42,778","25,6",79,"1011,31","4,24,374",355,-1,Location 6,Free Practice 1
1625920003,10/07/21 12:26,"2,43,333","25,6",78,"1011,31","31,828",355,-1,Location 6,Free Practice 1
1625920064,10/07/21 12:27,"2,43,333","25,7",78,"1011,35","5,30,467",342,-1,Location 6,Free Practice 1
1625920129,10/07/21 12:28,"2,43,889","25,7",78,"1011,28","2,12,187",19,-1,Location 6,Free Practice 1
1625920194,10/07/21 12:29,"2,44,444","25,8",78,"1011,35","4,24,374",36,-1,Location 6,Free Practice 1
1625920259,10/07/21 12:30,"2,44,444","25,9",78,"1011,35","5,30,467",355,-1,Location 6,Free Practice 1
1625920319,10/07/21 12:31,"2,44,444",26,78,"1011,41","4,24,374",360,-1,Location 6,Free Practice 1
1625920384,10/07/21 12:33,"2,44,444","26,1",78,"1011,41","31,828",355,-1,Location 6,Free Practice 1
1625920450,10/07/21 12:34,"2,44,444","26,2",78,"1011,35","2,12,187",360,-1,Location 6,Free Practice 1
1625920514,10/07/21 12:35,"2,44,444","26,3",78,"1011,41","4,24,374",23,-1,Location 6,Free Practice 1
1625920575,10/07/21 12:36,"2,44,444","26,4",77,"1011,41","7,42,654",17,-1,Location 6,Free Practice 1
1625920640,10/07/21 12:37,"2,44,444","26,5",78,"1011,28","8,48,747",348,-1,Location 6,Free Practice 1
1625920705,10/07/21 12:38,"2,43,889","26,5",78,"1011,35","4,24,374",336,-1,Location 6,Free Practice 1
1625920770,10/07/21 12:39,"2,43,889","26,6",78,"1011,24","63,656",347,-1,Location 6,Free Practice 1
1625920835,10/07/21 12:40,"2,43,333","26,7",77,"1011,28","4,24,374",334,-1,Location 6,Free Practice 1
1625920895,10/07/21 12:41,"2,43,333","26,7",77,"1011,28","31,828",18,-1,Location 6,Free Practice 1
1625920960,10/07/21 12:42,"2,43,333","26,8",78,"1011,35","4,24,374",338,-1,Location 6,Free Practice 1
1625921025,10/07/21 12:43,"2,43,333","26,9",78,"1011,35","63,656",28,-1,Location 6,Free Practice 1
1625921090,10/07/21 12:44,"2,43,333","26,9",78,"1011,28","31,828",17,-1,Location 6,Free Practice 1
1625935087,10/07/21 16:38,"2,53,889","35,1",77,"1012,84","2,12,187",15,-1,Location 6,Qualifying Group 2
1625935147,10/07/21 16:39,"2,54,444","35,2",77,"1012,8","2,12,187",19,-1,Location 6,Qualifying Group 2
1625935212,10/07/21 16:40,"2,55,556","35,2",76,"1012,9","2,12,187",25,-1,Location 6,Qualifying Group 2
1625935277,10/07/21 16:41,"2,56,667","35,2",76,"1012,97","31,828",44,-1,Location 6,Qualifying Group 2
1625935342,10/07/21 16:42,"2,56,667","35,2",75,"1012,87","4,24,374",346,-1,Location 6,Qualifying Group 2
1625935402,10/07/21 16:43,"2,56,667","35,2",75,"1012,9","4,24,374",338,-1,Location 6,Qualifying Group 2
1625935468,10/07/21 16:44,"2,56,667","35,3",75,"1012,9","1,06,093",340,-1,Location 6,Qualifying Group 2
1625935533,10/07/21 16:45,"2,56,111","35,3",75,"1012,9","2,12,187",10,-1,Location 6,Qualifying Group 2
1625935597,10/07/21 16:46,"2,56,111","35,3",76,"1012,87","2,12,187",16,-1,Location 6,Qualifying Group 2
1625935658,10/07/21 16:47,"2,56,111","35,4",76,"1012,87","31,828",336,-1,Location 6,Qualifying Group 2
1625935723,10/07/21 16:48,"2,56,111","35,4",76,"1012,87","31,828",339,-1,Location 6,Qualifying Group 2
1625935788,10/07/21 16:49,"2,55,556","35,3",76,"1012,84","1,06,093",5,-1,Location 6,Qualifying Group 2
1625935853,10/07/21 16:50,"2,56,111","35,3",76,"1012,8","31,828",83,-1,Location 6,Qualifying Group 2
1625935913,10/07/21 16:51,"2,55,556","35,2",76,"1012,84","1,06,093",24,-1,Location 6,Qualifying Group 2
1625936684,10/07/21 17:04,"2,56,111","36,1",75,"1012,8","2,12,187",5,-1,Location 6,Qualifying Group 4
1625936745,10/07/21 17:05,"2,56,111",36,75,"1012,84","31,828",355,-1,Location 6,Qualifying Group 4
1625936810,10/07/21 17:06,"2,56,111",36,75,"1012,84","2,12,187",343,-1,Location 6,Qualifying Group 4
1625936875,10/07/21 17:07,"2,56,111","35,9",75,"1012,84","31,828",324,-1,Location 6,Qualifying Group 4
1625936173,10/07/21 16:56,"2,55,556","35,3",76,"1012,97","1,06,093",5,-1,Location 6,Qualifying Group 3
1625936234,10/07/21 16:57,"2,55,556","35,4",76,"1012,9","2,12,187",5,-1,Location 6,Qualifying Group 3
1625936299,10/07/21 16:58,"2,55,556","35,8",76,"1012,87","1,06,093",328,-1,Location 6,Qualifying Group 3
1625936364,10/07/21 16:59,"2,55,556","36,4",76,"1012,87","31,828",321,-1,Location 6,Qualifying Group 3